Player,Tm,Pos,Age,G,GS,MP,FG,FGA,FG%,3P,3PA,3P%,2P,2PA,2P%,eFG%,FT,FTA,FT%,ORB,DRB,TRB,AST,STL,BLK,TOV,PF,PSG,SALARY
Stephen Curry,GSW,PG,27.0,79.0,79.0,34.2,10.2,20.2,0.504,5.1,11.2,0.454,5.1,9.0,0.566,0.63,4.6,5.1,0.908,0.9,4.6,5.4,6.7,2.1,0.2,3.3,2.0,30.1,11370786 
James Harden,HOU,SG,26.0,82.0,82.0,38.1,8.7,19.7,0.439,2.9,8.0,0.359,5.8,11.7,0.494,0.512,8.8,10.2,0.86,0.8,5.3,6.1,7.5,1.7,0.6,4.6,2.8,29.0,15756438 
Kevin Durant,OKC,SF,27.0,72.0,72.0,35.8,9.7,19.2,0.505,2.6,6.7,0.387,7.1,12.5,0.569,0.573,6.2,6.9,0.898,0.6,7.6,8.2,5.0,1.0,1.2,3.5,1.9,28.2,20158622 
DeMarcus Cousins,SAC,C,25.0,65.0,65.0,34.6,9.2,20.5,0.451,1.1,3.2,0.333,8.2,17.3,0.473,0.477,7.3,10.2,0.718,2.4,9.1,11.5,3.3,1.6,1.4,3.8,3.6,26.9,15851950 
LeBron James,CLE,SF,31.0,76.0,76.0,35.6,9.7,18.6,0.52,1.1,3.7,0.309,8.6,14.9,0.573,0.551,4.7,6.5,0.731,1.5,6.0,7.4,6.8,1.4,0.6,3.3,1.9,25.3,22970500 
Damian Lillard,POR,PG,25.0,75.0,75.0,35.7,8.2,19.7,0.419,3.1,8.1,0.375,5.2,11.5,0.45,0.497,5.5,6.2,0.892,0.6,3.4,4.0,6.8,0.9,0.4,3.2,2.2,25.1,4236287 
Anthony Davis,NOP,PF,22.0,61.0,61.0,35.5,9.2,18.6,0.493,0.6,1.8,0.324,8.6,16.9,0.511,0.508,5.3,7.0,0.758,2.1,8.1,10.3,1.9,1.3,2.0,2.0,2.4,24.3,7070730 
DeMar DeRozan,TOR,SG,26.0,78.0,78.0,35.9,7.9,17.7,0.446,0.6,1.8,0.338,7.3,15.9,0.458,0.463,7.1,8.4,0.85,0.8,3.7,4.5,4.0,1.0,0.3,2.2,2.1,23.5,10050000 
Russell Westbrook,OKC,PG,27.0,80.0,80.0,34.4,8.2,18.1,0.454,1.3,4.3,0.296,6.9,13.8,0.503,0.489,5.8,7.2,0.812,1.8,6.0,7.8,10.4,2.0,0.3,4.3,2.5,23.5,16744218 
Paul George,IND,SF,25.0,81.0,81.0,34.8,7.5,17.9,0.418,2.6,7.0,0.371,4.9,10.9,0.447,0.49,5.6,6.5,0.86,1.0,6.0,7.0,4.1,1.9,0.4,3.3,2.8,23.1,17120106 
Isaiah Thomas,BOS,PG,26.0,82.0,79.0,32.2,7.2,16.9,0.428,2.0,5.7,0.359,5.2,11.2,0.462,0.488,5.8,6.6,0.871,0.6,2.4,3.0,6.2,1.1,0.1,2.7,2.0,22.2,6912869 
Klay Thompson,GSW,SG,25.0,80.0,80.0,33.3,8.1,17.3,0.47,3.5,8.1,0.425,4.7,9.2,0.51,0.569,2.4,2.8,0.873,0.4,3.4,3.8,2.1,0.8,0.6,1.7,1.9,22.1,15501000 
Carmelo Anthony,NYK,SF,31.0,72.0,72.0,35.1,7.9,18.2,0.434,1.5,4.3,0.339,6.4,13.8,0.463,0.474,4.6,5.6,0.829,1.4,6.4,7.7,4.2,0.9,0.5,2.4,2.5,21.8,22875000 
Blake Griffin,LAC,PF,26.0,35.0,35.0,33.4,8.6,17.2,0.499,0.2,0.5,0.333,8.4,16.7,0.504,0.504,4.0,5.5,0.727,1.5,6.9,8.4,4.9,0.8,0.5,2.4,2.7,21.4,18907726 
Kawhi Leonard,SAS,SF,24.0,72.0,72.0,33.1,7.7,15.1,0.506,1.8,4.0,0.443,5.9,11.1,0.528,0.565,4.1,4.6,0.874,1.3,5.5,6.8,2.6,1.8,1.0,1.5,1.8,21.2,16407500 
Jimmy Butler,CHI,SG,26.0,67.0,67.0,36.9,7.0,15.4,0.454,1.0,3.1,0.312,6.1,12.4,0.489,0.485,5.9,7.1,0.832,1.2,4.2,5.3,4.8,1.6,0.6,2.0,1.9,20.9,16407500 
Kemba Walker,CHO,PG,25.0,81.0,81.0,35.6,7.0,16.4,0.427,2.2,6.0,0.371,4.8,10.4,0.459,0.495,4.6,5.4,0.847,0.7,3.7,4.4,5.2,1.6,0.5,2.1,1.4,20.9,12000000 
C.J. McCollum,POR,SG,24.0,80.0,80.0,34.8,8.0,17.9,0.448,2.5,5.9,0.417,5.6,12.0,0.463,0.517,2.3,2.8,0.827,0.6,2.7,3.2,4.3,1.2,0.3,2.5,2.3,20.8,2525160 
Andrew Wiggins,MIN,SF,20.0,81.0,81.0,35.1,7.3,16.0,0.459,0.7,2.3,0.3,6.6,13.6,0.486,0.481,5.3,7.0,0.761,1.3,2.3,3.6,2.0,1.0,0.6,2.2,2.0,20.7,5758680 
Eric Bledsoe,PHO,PG,26.0,31.0,31.0,34.2,7.2,15.9,0.453,1.5,4.2,0.372,5.6,11.7,0.482,0.502,4.5,5.5,0.802,0.6,3.5,4.0,6.1,2.0,0.6,3.5,2.4,20.4,13500000 
John Wall,WAS,PG,25.0,77.0,77.0,36.2,7.4,17.5,0.424,1.5,4.3,0.351,5.9,13.3,0.448,0.467,3.5,4.5,0.791,0.5,4.4,4.9,10.2,1.9,0.8,4.1,2.1,19.9,15851950 
Gordon Hayward,UTA,SF,25.0,80.0,80.0,36.2,6.5,15.0,0.433,1.8,5.1,0.349,4.7,9.9,0.477,0.493,4.9,6.0,0.824,0.8,4.2,5.0,3.7,1.2,0.3,2.5,2.3,19.7,15409570 
Kyrie Irving,CLE,PG,23.0,53.0,53.0,31.5,7.4,16.6,0.448,1.6,4.9,0.321,5.8,11.6,0.502,0.496,3.2,3.6,0.885,0.8,2.1,3.0,4.7,1.1,0.3,2.3,2.0,19.6,16407501 
Brandon Knight,PHO,SG,24.0,52.0,50.0,36.0,7.1,17.2,0.415,2.3,6.8,0.342,4.8,10.5,0.461,0.482,3.0,3.5,0.852,0.7,3.2,3.9,5.1,1.2,0.4,3.4,2.4,19.6,13500000 
Danilo Gallinari,DEN,SF,27.0,53.0,53.0,34.7,5.4,13.2,0.41,1.6,4.5,0.364,3.8,8.7,0.434,0.472,7.1,8.2,0.868,1.0,4.3,5.3,2.5,0.8,0.4,1.5,1.6,19.5,14000000 
Chris Paul,LAC,PG,30.0,74.0,74.0,32.7,7.0,15.1,0.462,1.6,4.4,0.371,5.3,10.6,0.501,0.517,4.0,4.4,0.896,0.5,3.7,4.2,10.0,2.1,0.2,2.6,2.5,19.5,21468695 
Chris Bosh,MIA,PF,31.0,53.0,53.0,33.5,6.8,14.5,0.467,1.5,4.2,0.365,5.2,10.3,0.508,0.52,4.0,5.1,0.795,0.9,6.5,7.4,2.4,0.7,0.6,1.5,1.9,19.1,22192730 
Dwyane Wade,MIA,SG,34.0,74.0,73.0,30.5,7.3,16.0,0.456,0.1,0.6,0.159,7.2,15.4,0.468,0.459,4.4,5.5,0.793,1.1,3.0,4.1,4.6,1.1,0.6,2.7,1.6,19.0,20000000 
Reggie Jackson,DET,PG,25.0,79.0,79.0,30.7,6.8,15.7,0.434,1.5,4.2,0.353,5.3,11.5,0.464,0.482,3.7,4.3,0.864,0.7,2.5,3.2,6.2,0.7,0.1,2.8,2.4,18.8,13913044 
Dirk Nowitzki,DAL,PF,37.0,75.0,75.0,31.5,6.6,14.8,0.448,1.7,4.6,0.368,5.0,10.3,0.483,0.504,3.3,3.7,0.893,0.7,5.8,6.5,1.8,0.7,0.7,1.1,2.1,18.3,8333334 
Karl-Anthony Towns,MIN,C,20.0,82.0,82.0,32.0,7.6,14.1,0.542,0.4,1.1,0.341,7.3,13.0,0.559,0.555,2.7,3.4,0.811,2.8,7.7,10.5,2.0,0.7,1.7,2.2,3.0,18.3,5703600 
Khris Middleton,MIL,SG,24.0,79.0,79.0,36.1,6.4,14.5,0.444,1.8,4.6,0.396,4.6,9.9,0.466,0.507,3.5,3.9,0.888,0.6,3.3,3.8,4.2,1.7,0.2,2.3,2.6,18.2,14700000 
Nikola Vucevic,ORL,C,25.0,65.0,60.0,31.3,8.2,16.1,0.51,0.0,0.1,0.222,8.2,16.0,0.512,0.511,1.7,2.3,0.753,2.7,6.2,8.9,2.8,0.8,1.1,1.9,2.7,18.2,11250000 
LaMarcus Aldridge,SAS,PF,30.0,74.0,74.0,30.6,7.2,14.1,0.513,0.0,0.2,0.0,7.2,13.9,0.521,0.513,3.5,4.1,0.858,2.4,6.2,8.5,1.5,0.5,1.1,1.3,2.0,18.0,19689000 
Kobe Bryant,LAL,SF,37.0,66.0,66.0,28.2,6.0,16.9,0.358,2.0,7.1,0.285,4.0,9.8,0.41,0.417,3.5,4.3,0.826,0.6,3.1,3.7,2.8,0.9,0.2,2.0,1.7,17.6,25000000 
Jahlil Okafor,PHI,C,20.0,53.0,48.0,30.0,7.5,14.7,0.508,0.0,0.1,0.167,7.5,14.6,0.511,0.509,2.5,3.7,0.686,2.3,4.7,7.0,1.2,0.4,1.2,2.3,2.6,17.5,4582680 
Bradley Beal,WAS,SG,22.0,55.0,35.0,31.1,6.5,14.5,0.449,1.9,4.9,0.387,4.6,9.6,0.481,0.515,2.5,3.2,0.767,0.7,2.7,3.4,2.9,1.0,0.2,2.0,2.1,17.4,5694674 
Rudy Gay,SAC,SF,29.0,70.0,70.0,34.0,6.7,14.4,0.463,1.1,3.1,0.344,5.6,11.3,0.495,0.5,2.8,3.6,0.78,1.5,5.0,6.5,1.7,1.4,0.7,2.0,2.6,17.2,12403101 
Paul Millsap,ATL,PF,30.0,81.0,81.0,32.7,6.2,13.2,0.47,0.9,2.9,0.319,5.3,10.3,0.512,0.505,3.8,5.0,0.757,2.4,6.6,9.0,3.3,1.8,1.7,2.4,2.9,17.1,18671659 
Giannis Antetokounmpo,MIL,PG,21.0,80.0,79.0,35.3,6.4,12.7,0.506,0.4,1.4,0.257,6.1,11.3,0.537,0.52,3.7,5.1,0.724,1.4,6.2,7.7,4.3,1.2,1.4,2.6,3.2,16.9,1953960 
Jrue Holiday,NOP,PG,25.0,65.0,23.0,28.2,6.3,14.4,0.439,1.3,4.0,0.336,5.0,10.4,0.478,0.485,2.8,3.3,0.843,0.4,2.6,3.0,6.0,1.4,0.3,2.6,2.3,16.8,10595507 
Marc Gasol,MEM,C,31.0,52.0,52.0,34.4,6.3,13.6,0.464,0.0,0.1,0.667,6.3,13.5,0.463,0.465,3.9,4.7,0.829,1.1,5.8,7.0,3.8,1.0,1.3,2.3,2.7,16.6,19688000 
Pau Gasol,CHI,C,35.0,72.0,72.0,31.8,6.5,13.8,0.469,0.3,1.0,0.348,6.2,12.9,0.478,0.481,3.2,4.0,0.792,2.2,8.9,11.0,4.1,0.6,2.0,2.3,2.1,16.5,7448760 
Derrick Rose,CHI,PG,27.0,66.0,66.0,31.8,6.8,15.9,0.427,0.7,2.3,0.293,6.1,13.6,0.449,0.448,2.2,2.7,0.793,0.7,2.7,3.4,4.7,0.7,0.2,2.7,1.3,16.4,20093064 
J.J. Redick,LAC,SG,31.0,75.0,75.0,28.0,5.6,11.7,0.48,2.7,5.6,0.475,3.0,6.1,0.484,0.593,2.4,2.7,0.888,0.1,1.7,1.9,1.4,0.6,0.1,1.0,1.8,16.3,7085000 
Andre Drummond,DET,C,22.0,81.0,81.0,32.9,6.8,13.1,0.521,0.0,0.1,0.333,6.8,13.0,0.522,0.522,2.6,7.2,0.355,4.9,9.9,14.8,0.8,1.5,1.4,1.9,3.0,16.2,3272091 
Kevin Love,CLE,PF,27.0,77.0,77.0,31.5,5.3,12.7,0.419,2.1,5.7,0.36,3.3,7.0,0.467,0.499,3.4,4.1,0.822,1.9,8.0,9.9,2.4,0.8,0.5,1.8,2.1,16.0,19689000 
Victor Oladipo,ORL,SG,23.0,72.0,52.0,33.0,5.9,13.5,0.438,1.4,3.9,0.348,4.5,9.6,0.475,0.489,2.8,3.4,0.83,0.7,4.1,4.8,3.9,1.6,0.8,2.1,2.4,16.0,5192520 
Jeff Teague,ATL,PG,27.0,79.0,78.0,28.5,5.5,12.5,0.439,1.4,3.5,0.4,4.1,9.0,0.454,0.495,3.3,3.9,0.837,0.4,2.3,2.7,5.9,1.2,0.3,2.8,2.1,15.7,8000000 
Evan Fournier,ORL,SF,23.0,79.0,71.0,32.5,5.4,11.8,0.462,2.0,4.9,0.4,3.5,6.8,0.506,0.546,2.5,3.0,0.836,0.4,2.4,2.8,2.7,1.2,0.0,1.7,2.7,15.4,2288205 
Mike Conley,MEM,PG,28.0,56.0,56.0,31.4,5.3,12.4,0.422,1.4,3.8,0.363,3.9,8.6,0.449,0.478,3.4,4.1,0.834,0.5,2.5,2.9,6.1,1.2,0.3,1.5,1.8,15.3,9588426 
Zach Randolph,MEM,PF,34.0,68.0,53.0,29.6,6.3,13.3,0.475,0.1,0.4,0.231,6.3,13.0,0.482,0.479,2.5,3.2,0.796,2.6,5.1,7.8,2.1,0.6,0.2,1.5,2.1,15.3,9638555 
Avery Bradley,BOS,SG,25.0,76.0,72.0,33.4,6.0,13.4,0.447,1.9,5.4,0.361,4.1,8.1,0.505,0.52,1.3,1.6,0.78,0.6,2.3,2.9,2.1,1.5,0.3,1.4,2.2,15.2,7730337 
Tyreke Evans,NOP,SG,26.0,25.0,25.0,30.6,5.4,12.6,0.433,1.3,3.4,0.388,4.1,9.2,0.45,0.486,3.0,3.7,0.796,0.8,4.4,5.2,6.6,1.3,0.3,2.9,2.6,15.2,10734586 
Eric Gordon,NOP,SG,27.0,45.0,44.0,32.9,5.1,12.3,0.418,2.5,6.5,0.384,2.6,5.7,0.457,0.521,2.5,2.8,0.888,0.2,2.0,2.2,2.7,1.0,0.3,1.6,2.2,15.2,15514031 
Thaddeus Young,BRK,PF,27.0,73.0,73.0,33.0,6.8,13.2,0.514,0.1,0.4,0.233,6.7,12.8,0.523,0.518,1.4,2.2,0.644,2.4,6.6,9.0,1.8,1.5,0.5,1.9,2.5,15.1,11235955 
Nicolas Batum,CHO,SF,27.0,70.0,70.0,35.0,5.3,12.5,0.426,2.0,5.7,0.348,3.3,6.8,0.492,0.506,2.3,2.7,0.849,0.8,5.3,6.1,5.8,0.9,0.6,2.9,1.6,14.9,13125306 
Tobias Harris,TOT,PF,23.0,76.0,74.0,33.1,5.5,11.7,0.469,1.1,3.1,0.335,4.4,8.6,0.518,0.514,2.7,3.2,0.831,1.3,5.4,6.7,2.2,0.9,0.5,1.4,2.0,14.7,16000000 
Kentavious Caldwell-Pope,DET,SG,22.0,76.0,76.0,36.7,5.3,12.6,0.42,1.5,4.9,0.309,3.8,7.8,0.489,0.479,2.4,3.0,0.811,0.9,2.8,3.7,1.8,1.4,0.2,1.4,2.2,14.5,2891760 
Rodney Hood,UTA,SG,23.0,79.0,79.0,32.2,5.2,12.3,0.42,2.0,5.7,0.359,3.1,6.6,0.472,0.503,2.2,2.5,0.86,0.5,2.9,3.4,2.7,0.9,0.2,1.6,2.6,14.5,1348440 
Will Barton,DEN,SG,25.0,82.0,1.0,28.7,5.2,12.0,0.432,1.4,4.0,0.345,3.8,8.0,0.476,0.489,2.6,3.3,0.806,0.7,5.1,5.8,2.5,0.9,0.5,1.7,1.8,14.4,3533333 
Kristaps Porzingis,NYK,PF,20.0,72.0,72.0,28.4,5.2,12.3,0.421,1.1,3.4,0.333,4.1,8.9,0.454,0.467,2.8,3.3,0.838,1.8,5.5,7.3,1.3,0.7,1.9,1.7,2.8,14.3,4131720 
Jamal Crawford,LAC,SG,35.0,79.0,5.0,26.9,4.8,11.9,0.404,1.5,4.4,0.34,3.3,7.5,0.44,0.466,3.1,3.4,0.904,0.3,1.6,1.8,2.3,0.7,0.2,1.4,1.5,14.2,5675000 
Jae Crowder,BOS,SF,25.0,73.0,73.0,31.6,4.9,11.1,0.443,1.7,5.0,0.336,3.3,6.2,0.529,0.518,2.7,3.3,0.82,1.0,4.2,5.1,1.8,1.7,0.5,1.1,2.7,14.2,6796117 
Hassan Whiteside,MIA,C,26.0,73.0,43.0,29.1,5.7,9.3,0.606,0.0,0.0,0,5.7,9.3,0.606,0.606,2.9,4.5,0.65,3.3,8.6,11.8,0.4,0.6,3.7,1.9,2.8,14.2,981348 
Goran Dragic,MIA,PG,29.0,72.0,72.0,32.8,5.8,12.2,0.477,0.9,2.8,0.312,4.9,9.3,0.527,0.513,1.7,2.3,0.727,0.8,3.1,3.8,5.8,1.0,0.2,2.6,2.6,14.1,14783000 
Jabari Parker,MIL,PF,20.0,76.0,72.0,31.7,5.8,11.8,0.493,0.1,0.5,0.257,5.7,11.4,0.502,0.498,2.3,3.0,0.768,1.6,3.6,5.2,1.7,0.9,0.4,1.5,2.0,14.1,5152440 
Deron Williams,DAL,PG,31.0,65.0,63.0,32.4,4.9,11.9,0.414,1.5,4.3,0.344,3.4,7.6,0.454,0.477,2.8,3.2,0.869,0.3,2.6,2.9,5.8,0.9,0.2,2.3,2.4,14.1,5378974 
Darren Collison,SAC,PG,28.0,74.0,15.0,30.0,5.1,10.5,0.486,1.2,2.9,0.401,3.9,7.6,0.519,0.542,2.6,3.1,0.858,0.4,1.9,2.3,4.3,1.0,0.1,1.8,1.9,14.0,5013559 
Draymond Green,GSW,PF,25.0,81.0,81.0,34.7,5.0,10.1,0.49,1.2,3.2,0.388,3.7,6.9,0.537,0.551,2.8,4.1,0.696,1.7,7.8,9.5,7.4,1.5,1.4,3.2,3.0,14.0,14260870 
Zach LaVine,MIN,SG,20.0,82.0,33.0,28.0,5.3,11.7,0.452,1.5,3.9,0.389,3.8,7.8,0.482,0.516,2.0,2.5,0.793,0.3,2.5,2.8,3.1,0.8,0.2,1.9,2.4,14.0,2148360 
Devin Booker,PHO,SG,19.0,76.0,51.0,27.7,4.8,11.4,0.423,1.3,3.8,0.343,3.5,7.6,0.464,0.48,2.8,3.4,0.84,0.4,2.1,2.5,2.6,0.6,0.3,2.1,3.0,13.8,2127840 
Monta Ellis,IND,SG,30.0,81.0,81.0,33.8,5.4,12.6,0.427,1.1,3.5,0.309,4.3,9.1,0.472,0.47,2.0,2.5,0.786,0.5,2.8,3.3,4.7,1.9,0.5,2.5,2.1,13.8,10300000 
Dwight Howard,HOU,C,30.0,71.0,71.0,32.1,5.2,8.5,0.62,0.0,0.1,0.0,5.2,8.4,0.626,0.62,3.3,6.7,0.489,3.4,8.4,11.8,1.4,1.0,1.6,2.3,3.1,13.7,22359364 
Chandler Parsons,DAL,SF,27.0,61.0,51.0,29.5,5.2,10.7,0.492,1.7,4.1,0.414,3.5,6.6,0.54,0.571,1.5,2.2,0.684,0.5,4.2,4.7,2.8,0.8,0.3,1.6,1.9,13.7,15361500 
Marcin Gortat,WAS,C,31.0,75.0,74.0,30.1,5.8,10.2,0.567,0.0,0.0,0.0,5.8,10.2,0.567,0.567,1.9,2.8,0.705,3.0,6.9,9.9,1.4,0.6,1.3,1.6,2.6,13.5,11217391 
Alec Burks,UTA,SG,24.0,31.0,3.0,25.7,4.4,10.8,0.41,1.0,2.5,0.405,3.4,8.2,0.412,0.458,3.4,4.5,0.752,0.5,3.0,3.5,2.0,0.6,0.1,1.6,2.3,13.3,9463484 
D'Angelo Russell,LAL,PG,19.0,80.0,48.0,28.2,4.9,12.0,0.41,1.6,4.6,0.351,3.3,7.3,0.447,0.478,1.8,2.4,0.737,0.6,2.8,3.4,3.3,1.2,0.2,2.5,1.8,13.2,5103120 
Arron Afflalo,NYK,SG,30.0,71.0,57.0,33.4,5.0,11.3,0.443,1.3,3.4,0.382,3.7,7.9,0.469,0.5,1.5,1.8,0.84,0.3,3.4,3.7,2.0,0.4,0.1,1.2,2.0,12.8,8000000 
Michael Beasley,HOU,SF,27.0,20.0,0.0,18.2,5.4,10.3,0.522,0.2,0.5,0.333,5.2,9.8,0.531,0.529,1.9,2.5,0.776,1.5,3.5,4.9,0.8,0.6,0.5,1.2,2.0,12.8,306527 
Robert Covington,PHI,SF,25.0,67.0,49.0,28.4,4.1,10.6,0.385,2.5,7.2,0.353,1.6,3.4,0.452,0.504,2.1,2.6,0.791,1.0,5.3,6.3,1.4,1.6,0.6,2.1,3.5,12.8,1000000 
Jarrett Jack,BRK,PG,32.0,32.0,32.0,32.1,4.4,11.2,0.391,1.0,3.2,0.304,3.4,8.0,0.426,0.434,3.1,3.5,0.893,0.3,4.0,4.3,7.4,1.1,0.2,2.9,2.4,12.8,6300000 
Emmanuel Mudiay,DEN,PG,19.0,68.0,66.0,30.4,4.8,13.3,0.364,1.1,3.4,0.319,3.8,9.9,0.379,0.404,2.1,3.1,0.67,0.5,2.9,3.4,5.5,1.0,0.5,3.2,2.1,12.8,3102240 
Jonas Valanciunas,TOR,C,23.0,60.0,59.0,26.0,5.1,8.9,0.565,0.0,0.0,0,5.1,8.9,0.565,0.565,2.7,3.6,0.761,3.1,6.1,9.1,0.7,0.4,1.3,1.4,2.6,12.8,4660482 
Trevor Ariza,HOU,SF,30.0,81.0,81.0,35.3,4.4,10.6,0.416,2.3,6.2,0.371,2.1,4.4,0.478,0.523,1.6,2.0,0.783,0.8,3.7,4.5,2.3,2.0,0.3,1.4,2.2,12.7,8193030 
Enes Kanter,OKC,C,23.0,82.0,1.0,21.0,5.0,8.8,0.576,0.1,0.3,0.476,4.9,8.5,0.579,0.583,2.4,3.1,0.797,3.0,5.1,8.1,0.4,0.3,0.4,1.4,2.0,12.7,16407500 
Michael Kidd-Gilchrist,CHO,SF,22.0,7.0,7.0,29.3,4.7,8.7,0.541,0.4,1.0,0.429,4.3,7.7,0.556,0.566,2.9,4.1,0.69,1.7,4.7,6.4,1.3,0.4,0.4,1.1,1.3,12.7,6331404 
Serge Ibaka,OKC,PF,26.0,78.0,78.0,32.1,5.3,11.1,0.479,0.8,2.4,0.326,4.6,8.8,0.52,0.513,1.2,1.6,0.752,1.8,5.0,6.8,0.8,0.5,1.9,1.4,2.7,12.6,12250000 
Kenneth Faried,DEN,PF,26.0,67.0,64.0,25.3,5.2,9.3,0.558,0.0,0.0,0.5,5.2,9.3,0.558,0.558,2.0,3.3,0.613,3.5,5.2,8.7,1.2,0.5,0.9,1.4,2.5,12.5,11235955 
Luol Deng,MIA,PF,30.0,74.0,73.0,32.4,4.6,10.1,0.455,1.2,3.5,0.344,3.4,6.6,0.513,0.514,2.0,2.6,0.755,1.5,4.5,6.0,1.9,1.0,0.4,1.1,1.6,12.3,10151612 
Gary Harris,DEN,SG,21.0,76.0,76.0,32.1,4.7,10.1,0.469,1.4,3.9,0.354,3.3,6.2,0.543,0.538,1.4,1.8,0.82,0.7,2.2,2.9,1.9,1.3,0.2,1.3,1.9,12.3,1584480 
Joe Johnson,TOT,SF,34.0,81.0,81.0,33.4,4.7,10.6,0.439,1.5,3.9,0.383,3.2,6.7,0.471,0.509,1.5,1.8,0.831,0.6,3.0,3.6,3.9,0.8,0.0,2.0,1.8,12.2,261894 
Mirza Teletovic,PHO,PF,30.0,79.0,1.0,21.3,4.2,9.8,0.427,2.3,5.8,0.393,1.9,4.0,0.476,0.544,1.5,2.0,0.774,0.7,3.1,3.8,1.1,0.4,0.3,1.1,2.0,12.2,5500000 
Al Jefferson,CHO,C,31.0,47.0,18.0,23.3,5.2,10.7,0.485,0.0,0.0,0,5.2,10.7,0.485,0.485,1.5,2.4,0.649,1.2,5.2,6.4,1.5,0.6,0.9,0.7,2.5,12.0,13500000 
Markieff Morris,TOT,PF,26.0,64.0,45.0,25.5,4.8,11.2,0.425,0.7,2.4,0.303,4.0,8.8,0.458,0.458,1.7,2.3,0.735,1.1,4.4,5.5,1.9,0.9,0.5,2.1,2.9,12.0,8000000 
Tony Parker,SAS,PG,33.0,72.0,72.0,27.5,4.9,9.9,0.493,0.4,0.9,0.415,4.5,9.0,0.501,0.512,1.8,2.4,0.76,0.2,2.2,2.4,5.3,0.8,0.2,1.8,1.6,11.9,13437500 
Rajon Rondo,SAC,PG,29.0,72.0,72.0,35.2,4.9,10.9,0.454,0.9,2.4,0.365,4.1,8.5,0.479,0.494,1.2,2.1,0.58,1.1,5.0,6.0,11.7,2.0,0.1,3.9,2.4,11.9,9500000 
Omri Casspi,SAC,SF,27.0,69.0,21.0,27.2,4.3,9.0,0.481,1.6,4.0,0.409,2.7,5.0,0.537,0.571,1.5,2.3,0.648,0.8,5.1,5.9,1.4,0.8,0.2,1.4,2.2,11.8,2836186 
C.J. Miles,IND,SF,28.0,64.0,24.0,22.9,4.0,9.9,0.409,2.2,6.0,0.367,1.8,3.9,0.474,0.521,1.5,1.9,0.75,0.4,2.3,2.7,1.0,0.8,0.5,1.1,2.2,11.8,4394225 
Nikola Mirotic,CHI,PF,24.0,66.0,38.0,24.9,3.8,9.2,0.407,2.0,5.2,0.39,1.7,4.0,0.43,0.518,2.2,2.7,0.807,0.9,4.6,5.5,1.5,0.9,0.7,1.5,2.3,11.8,5543725 
Harrison Barnes,GSW,SF,23.0,66.0,59.0,30.9,4.5,9.6,0.466,1.2,3.2,0.383,3.2,6.3,0.508,0.531,1.5,2.0,0.761,1.2,3.8,4.9,1.8,0.6,0.2,0.9,2.1,11.7,3873398 
Jeff Green,TOT,SF,29.0,80.0,41.0,28.2,4.4,10.3,0.43,0.8,2.7,0.315,3.6,7.6,0.47,0.47,2.1,2.8,0.745,0.9,3.2,4.2,1.7,0.7,0.5,1.2,2.1,11.7,9650000 
Jeremy Lin,CHO,SG,27.0,78.0,13.0,26.3,3.8,9.3,0.412,1.0,2.9,0.336,2.9,6.4,0.446,0.464,3.1,3.7,0.815,0.5,2.7,3.2,3.0,0.7,0.5,1.9,2.1,11.7,2139000 
Marvin Williams,CHO,PF,29.0,81.0,81.0,28.9,4.2,9.2,0.452,1.9,4.7,0.402,2.3,4.6,0.504,0.554,1.5,1.8,0.833,1.6,4.9,6.4,1.4,0.7,1.0,0.8,1.6,11.7,7000000 
Kent Bazemore,ATL,SF,26.0,75.0,68.0,27.8,4.3,9.7,0.441,1.5,4.1,0.357,2.8,5.6,0.502,0.517,1.6,2.0,0.815,0.4,4.7,5.1,2.3,1.3,0.5,1.8,2.3,11.6,2000000 
Michael Carter-Williams,MIL,PG,24.0,54.0,37.0,30.5,4.6,10.3,0.452,0.3,1.0,0.273,4.4,9.3,0.472,0.466,2.0,3.0,0.654,0.9,4.2,5.1,5.2,1.5,0.8,2.8,3.0,11.5,2399040 
Jordan Hamilton,NOP,SF,25.0,11.0,4.0,27.6,4.5,10.5,0.422,1.2,4.1,0.289,3.3,6.5,0.507,0.478,1.3,1.9,0.667,1.1,4.5,5.6,2.3,0.7,0.3,1.5,2.2,11.4,1015421 
Julius Randle,LAL,PF,21.0,81.0,60.0,28.2,4.4,10.3,0.429,0.1,0.4,0.278,4.3,9.9,0.436,0.435,2.4,3.3,0.715,2.1,8.1,10.2,1.8,0.7,0.4,1.8,3.0,11.3,3132240 
Bojan Bogdanovic,BRK,SF,26.0,79.0,39.0,26.8,4.1,9.5,0.433,1.6,4.3,0.382,2.5,5.2,0.474,0.519,1.4,1.7,0.833,0.5,2.8,3.2,1.3,0.4,0.1,1.5,1.5,11.2,3425510 
Sean Kilpatrick,TOT,SG,26.0,31.0,0.0,19.9,4.0,8.7,0.456,1.3,3.7,0.342,2.7,5.0,0.538,0.528,1.9,2.2,0.896,0.4,1.4,1.8,0.9,0.4,0.1,1.0,1.2,11.1,134215 
Nerlens Noel,PHI,C,21.0,67.0,62.0,29.3,4.6,8.8,0.521,0.0,0.0,0.5,4.6,8.7,0.521,0.522,2.0,3.4,0.59,2.3,5.8,8.1,1.8,1.8,1.5,2.4,2.9,11.1,3457800 
Isaiah Canaan,PHI,SG,24.0,77.0,39.0,25.5,3.4,9.4,0.36,2.3,6.3,0.363,1.1,3.1,0.354,0.482,1.9,2.3,0.833,0.3,2.0,2.3,1.8,0.7,0.2,1.2,1.7,11.0,947276 
DeMarre Carroll,TOR,SF,29.0,26.0,22.0,30.2,4.0,10.4,0.389,1.8,4.5,0.39,2.3,5.8,0.388,0.474,1.2,1.9,0.6,1.2,3.5,4.7,1.0,1.7,0.2,1.1,2.4,11.0,13600000 
Dennis Schroder,ATL,PG,22.0,80.0,6.0,20.3,4.1,9.8,0.421,1.0,3.0,0.322,3.2,6.8,0.465,0.471,1.8,2.3,0.791,0.3,2.2,2.6,4.4,0.9,0.1,2.3,1.7,11.0,1763400 
J.J. Barea,DAL,PG,31.0,74.0,16.0,22.5,4.3,9.6,0.446,1.4,3.5,0.385,2.9,6.1,0.481,0.516,1.0,1.3,0.771,0.4,1.7,2.1,4.1,0.4,0.0,1.5,1.5,10.9,4290000 
Elfrid Payton,ORL,PG,21.0,73.0,69.0,29.4,4.4,10.0,0.436,0.4,1.3,0.326,3.9,8.7,0.451,0.456,1.5,2.6,0.589,1.1,2.5,3.6,6.4,1.2,0.3,2.4,2.2,10.7,2505720 
Trey Burke,UTA,PG,23.0,64.0,0.0,21.3,4.1,9.9,0.413,1.4,4.0,0.344,2.7,5.9,0.46,0.483,1.0,1.3,0.817,0.3,1.5,1.8,2.3,0.5,0.1,1.3,1.3,10.6,2658240 
Norris Cole,NOP,PG,27.0,45.0,23.0,26.6,4.4,10.8,0.405,0.7,2.3,0.324,3.6,8.5,0.427,0.439,1.2,1.4,0.8,0.2,3.1,3.4,3.7,0.8,0.1,1.7,2.3,10.6,3036927 
Shabazz Muhammad,MIN,SF,23.0,82.0,0.0,20.5,3.9,8.3,0.465,0.5,1.9,0.289,3.3,6.5,0.516,0.498,2.3,3.0,0.764,1.2,2.0,3.3,0.6,0.3,0.1,0.9,1.1,10.5,2056920 
Evan Turner,BOS,SG,27.0,81.0,12.0,28.0,4.2,9.3,0.456,0.2,1.0,0.241,4.0,8.3,0.482,0.469,1.8,2.2,0.827,0.6,4.3,4.9,4.4,1.0,0.3,2.1,1.7,10.5,3425510 
Ersan Ilyasova,TOT,PF,28.0,74.0,56.0,25.4,3.8,8.9,0.424,1.3,3.5,0.371,2.5,5.4,0.458,0.496,1.5,2.1,0.721,1.9,3.5,5.4,0.9,0.7,0.4,1.0,2.3,10.4,7900000 
Mario Chalmers,TOT,PG,29.0,61.0,7.0,22.5,3.0,7.3,0.41,0.8,2.4,0.309,2.2,4.8,0.461,0.462,3.6,4.3,0.832,0.4,2.2,2.6,3.8,1.4,0.2,1.8,3.0,10.3,4300000 
Robin Lopez,NYK,C,27.0,82.0,82.0,27.1,4.4,8.1,0.539,0.0,0.0,0.0,4.4,8.1,0.54,0.539,1.6,2.0,0.795,3.3,4.1,7.3,1.4,0.2,1.6,1.6,2.2,10.3,12650000 
Jared Sullinger,BOS,PF,23.0,81.0,73.0,23.6,4.3,10.0,0.435,0.4,1.3,0.282,4.0,8.7,0.458,0.453,1.3,2.0,0.64,2.4,5.9,8.3,2.3,0.9,0.6,1.3,2.6,10.3,2569260 
Myles Turner,IND,C,19.0,60.0,30.0,22.8,4.4,8.8,0.498,0.1,0.2,0.214,4.4,8.6,0.506,0.501,1.5,2.0,0.727,1.1,4.4,5.5,0.7,0.4,1.4,1.1,2.6,10.3,2357760 
Al-Farouq Aminu,POR,SF,25.0,82.0,82.0,28.5,3.6,8.8,0.416,1.5,4.3,0.361,2.1,4.5,0.468,0.503,1.4,1.9,0.737,1.2,4.9,6.1,1.7,0.9,0.6,1.5,2.1,10.2,8042895 
Marco Belinelli,SAC,SG,29.0,68.0,7.0,24.6,3.6,9.3,0.386,1.3,4.4,0.306,2.3,5.0,0.456,0.457,1.7,2.0,0.833,0.1,1.6,1.7,1.9,0.5,0.0,1.2,1.3,10.2,6060606 
Gorgui Dieng,MIN,C,26.0,82.0,39.0,27.1,3.8,7.1,0.532,0.1,0.2,0.3,3.7,6.8,0.54,0.537,2.5,3.0,0.827,1.9,5.2,7.1,1.7,1.1,1.2,1.7,2.7,10.1,1474440 
Ricky Rubio,MIN,PG,25.0,76.0,76.0,30.6,2.9,7.7,0.374,0.8,2.5,0.326,2.1,5.2,0.396,0.427,3.5,4.1,0.847,0.5,3.8,4.3,8.7,2.1,0.1,2.5,2.6,10.1,12700000 
Matt Barnes,MEM,SF,35.0,76.0,45.0,28.8,3.5,9.1,0.381,1.6,4.9,0.322,1.9,4.3,0.449,0.467,1.5,1.8,0.804,1.1,4.4,5.5,2.1,1.0,0.8,1.6,3.1,10.0,3542500 
Nikola Jokic,DEN,C,20.0,80.0,55.0,21.7,3.8,7.5,0.512,0.4,1.1,0.333,3.5,6.5,0.541,0.535,1.9,2.4,0.811,2.3,4.7,7.0,2.4,1.0,0.6,1.3,2.6,10.0,1300000 
Kelly Olynyk,BOS,C,24.0,69.0,8.0,20.2,3.7,8.1,0.455,1.2,3.0,0.405,2.4,5.0,0.486,0.531,1.4,1.9,0.75,1.0,3.0,4.1,1.5,0.8,0.5,1.1,2.4,10.0,2165160 
Patrick Beverley,HOU,PG,27.0,71.0,63.0,28.7,3.6,8.4,0.434,1.7,4.4,0.4,1.9,4.0,0.472,0.539,0.8,1.2,0.682,1.0,2.5,3.5,3.4,1.3,0.4,1.3,3.3,9.9,6486486 
Terrence Ross,TOR,SF,24.0,73.0,7.0,23.9,3.7,8.6,0.431,1.8,4.6,0.386,1.9,3.9,0.484,0.536,0.7,0.8,0.79,0.3,2.2,2.5,0.8,0.7,0.3,0.6,1.6,9.9,3553917 
Ramon Sessions,WAS,PG,29.0,82.0,5.0,20.3,3.4,7.2,0.473,0.4,1.4,0.324,3.0,5.9,0.507,0.503,2.6,3.5,0.756,0.3,2.2,2.5,2.9,0.6,0.1,1.4,1.2,9.9,2170465 
Carl Landry,PHI,PF,32.0,36.0,12.0,15.8,3.9,6.9,0.556,0.2,0.4,0.462,3.7,6.6,0.561,0.568,1.9,2.5,0.736,1.4,2.7,4.1,0.9,0.3,0.3,0.6,1.9,9.8,6500000 
Gary Neal,WAS,SG,31.0,40.0,2.0,20.2,3.8,8.1,0.465,1.0,2.5,0.41,2.8,5.6,0.489,0.528,1.2,1.4,0.855,0.3,1.8,2.1,1.2,0.5,0.0,0.7,1.4,9.8,2139000 
Dion Waiters,OKC,SG,24.0,78.0,15.0,27.6,3.6,9.1,0.399,1.1,3.1,0.358,2.5,6.0,0.421,0.46,1.4,2.0,0.713,0.5,2.1,2.6,2.0,1.0,0.2,1.5,1.8,9.8,5138430 
Jerami Grant,PHI,SF,21.0,77.0,52.0,26.8,3.3,7.8,0.419,0.5,1.9,0.24,2.8,5.9,0.477,0.448,2.8,4.2,0.658,1.3,3.4,4.7,1.8,0.7,1.6,1.4,2.8,9.7,845059 
Marcus Thornton,TOT,SG,28.0,61.0,8.0,18.2,3.5,8.9,0.399,1.5,4.4,0.337,2.0,4.5,0.46,0.482,1.1,1.3,0.848,0.6,1.8,2.5,1.4,0.8,0.1,0.8,1.5,9.7,200600 
Manu Ginobili,SAS,SG,38.0,58.0,0.0,19.6,3.4,7.5,0.453,1.2,3.1,0.391,2.2,4.4,0.496,0.533,1.6,1.9,0.813,0.4,2.1,2.5,3.1,1.1,0.2,1.7,1.7,9.6,2814000 
Courtney Lee,TOT,SG,30.0,79.0,65.0,29.5,3.7,8.1,0.454,1.0,2.7,0.378,2.6,5.3,0.493,0.518,1.3,1.5,0.839,0.4,2.2,2.6,1.7,1.1,0.4,0.9,1.7,9.6,5675000 
Raymond Felton,DAL,PG,31.0,80.0,31.0,27.4,3.5,8.5,0.406,0.8,2.7,0.282,2.7,5.9,0.463,0.45,1.9,2.2,0.847,0.5,2.8,3.2,3.6,0.9,0.2,1.5,1.8,9.5,3950313 
Doug McDermott,CHI,SF,24.0,81.0,4.0,23.0,3.6,8.0,0.452,1.4,3.2,0.425,2.2,4.8,0.47,0.537,0.9,1.0,0.857,0.5,2.0,2.4,0.7,0.2,0.1,0.7,1.6,9.4,2380440 
Ian Mahinmi,IND,C,29.0,71.0,71.0,25.6,3.7,6.3,0.589,0.0,0.0,0,3.7,6.3,0.589,0.589,1.9,3.2,0.587,1.9,5.2,7.1,1.5,0.9,1.1,1.4,3.1,9.3,4000000 
Kevin Martin,TOT,SG,32.0,55.0,13.0,19.9,2.8,7.6,0.372,0.9,2.5,0.36,1.9,5.1,0.378,0.431,2.8,3.1,0.89,0.3,1.7,2.0,1.1,0.5,0.1,1.0,1.5,9.3,200600 
Aaron Gordon,ORL,PF,20.0,78.0,37.0,23.9,3.5,7.4,0.473,0.5,1.8,0.296,3.0,5.6,0.531,0.509,1.7,2.5,0.668,2.0,4.5,6.5,1.6,0.8,0.7,0.8,2.0,9.2,4171680 
Nene Hilario,WAS,PF,33.0,57.0,11.0,19.2,3.7,6.7,0.544,0.0,0.1,0.0,3.7,6.7,0.549,0.544,1.9,3.2,0.578,0.9,3.6,4.5,1.7,0.9,0.5,1.3,2.7,9.2,13000000 
Kyle Korver,ATL,SG,34.0,80.0,80.0,30.0,3.4,7.7,0.435,2.0,5.0,0.398,1.4,2.7,0.502,0.563,0.6,0.7,0.833,0.2,3.1,3.3,2.1,0.8,0.4,1.2,2.0,9.2,5746479 
Rudy Gobert,UTA,C,23.0,61.0,60.0,31.7,3.2,5.8,0.559,0.0,0.0,0,3.2,5.8,0.559,0.559,2.6,4.6,0.569,3.4,7.5,11.0,1.5,0.7,2.2,1.9,2.7,9.1,1175880 
Mason Plumlee,POR,C,25.0,82.0,82.0,25.4,3.3,6.3,0.516,0.0,0.0,0.0,3.3,6.3,0.52,0.516,2.6,4.1,0.642,2.5,5.2,7.7,2.8,0.8,1.0,1.9,3.1,9.1,1415520 
Marcus Smart,BOS,PG,21.0,61.0,10.0,27.3,3.0,8.7,0.348,1.0,4.0,0.253,2.0,4.7,0.427,0.405,2.1,2.7,0.777,1.2,2.9,4.2,3.0,1.5,0.3,1.3,3.0,9.1,3431040 
Alex Len,PHO,C,22.0,78.0,46.0,23.3,3.4,8.0,0.423,0.0,0.1,0.143,3.4,7.9,0.426,0.424,2.2,3.1,0.728,2.3,5.3,7.6,1.2,0.5,0.8,1.9,2.9,9.0,3807120 
Archie Goodwin,PHO,PG,21.0,57.0,13.0,19.5,3.1,7.4,0.417,0.4,1.7,0.232,2.7,5.7,0.474,0.444,2.3,3.4,0.674,0.5,2.0,2.5,2.1,0.5,0.2,1.8,1.5,8.9,1160160 
Austin Rivers,LAC,SG,23.0,67.0,7.0,21.9,3.4,7.7,0.438,0.9,2.8,0.335,2.4,4.9,0.495,0.498,1.2,1.7,0.681,0.3,1.6,1.9,1.5,0.7,0.1,0.9,2.0,8.9,3110796 
Rodney Stuckey,IND,PG,29.0,58.0,1.0,22.0,3.2,7.6,0.413,0.3,1.4,0.241,2.8,6.2,0.453,0.436,2.3,2.7,0.829,0.3,2.4,2.7,2.4,0.7,0.1,1.3,1.3,8.9,7000000 
Jordan Hill,IND,C,28.0,73.0,11.0,20.7,3.8,7.5,0.506,0.0,0.0,0.0,3.8,7.5,0.507,0.506,1.2,1.7,0.712,2.1,4.0,6.2,1.2,0.5,0.5,1.3,2.1,8.8,4000000 
Jeremy Lamb,CHO,SG,23.0,66.0,0.0,18.6,3.5,7.7,0.451,0.8,2.7,0.309,2.6,5.0,0.529,0.506,1.0,1.3,0.727,0.7,3.2,3.8,1.2,0.6,0.5,0.8,1.6,8.8,3034356 
Toney Douglas,NOP,PG,29.0,61.0,18.0,20.7,3.0,7.3,0.411,1.3,3.3,0.399,1.7,4.0,0.421,0.502,1.4,1.6,0.848,0.4,1.9,2.3,2.6,1.1,0.1,1.0,2.1,8.7,1164858 
Gerald Henderson,POR,SG,28.0,72.0,0.0,19.9,3.2,7.3,0.439,0.7,1.9,0.353,2.6,5.5,0.468,0.484,1.6,2.0,0.767,0.4,2.5,2.9,1.0,0.5,0.3,0.9,1.2,8.7,6000000 
Tyler Johnson,MIA,SG,23.0,36.0,5.0,24.0,3.3,6.8,0.486,0.8,2.0,0.38,2.5,4.8,0.529,0.541,1.4,1.8,0.797,0.8,2.3,3.0,2.2,0.7,0.4,1.3,1.8,8.7,845059 
Terrence Jones,HOU,PF,24.0,50.0,11.0,20.9,3.3,7.3,0.452,0.5,1.6,0.316,2.8,5.8,0.49,0.486,1.5,2.3,0.664,1.2,3.0,4.2,0.8,0.5,0.8,1.0,1.7,8.7,2489530 
Luis Scola,TOR,PF,35.0,76.0,76.0,21.5,3.5,7.9,0.45,0.9,2.1,0.404,2.7,5.8,0.467,0.504,0.8,1.1,0.726,1.1,3.6,4.7,0.9,0.6,0.4,0.9,2.3,8.7,2900000 
Cody Zeller,CHO,C,23.0,73.0,60.0,24.3,3.2,6.0,0.529,0.0,0.1,0.1,3.2,5.8,0.539,0.53,2.4,3.2,0.754,1.9,4.3,6.2,1.0,0.8,0.9,0.9,2.8,8.7,4204200 
Tim Duncan,SAS,C,39.0,61.0,60.0,25.2,3.5,7.2,0.488,0.0,0.0,0.0,3.5,7.2,0.49,0.488,1.5,2.1,0.702,1.9,5.4,7.3,2.7,0.8,1.3,1.5,2.0,8.6,5250000 
Taj Gibson,CHI,PF,30.0,73.0,55.0,26.5,3.6,6.8,0.526,0.0,0.0,0.0,3.6,6.8,0.529,0.526,1.4,2.0,0.692,2.8,4.1,6.9,1.5,0.6,1.1,1.1,2.5,8.6,8500000 
Shelvin Mack,TOT,PG,25.0,52.0,27.0,20.3,3.5,8.0,0.439,0.8,2.4,0.312,2.8,5.6,0.493,0.486,0.9,1.2,0.738,0.3,2.2,2.5,3.6,0.7,0.1,1.8,1.4,8.6,2433333 
Zaza Pachulia,DAL,C,31.0,76.0,69.0,26.4,2.9,6.2,0.466,0.0,0.0,0.0,2.9,6.1,0.469,0.466,2.8,3.6,0.768,3.3,6.2,9.4,1.7,0.8,0.3,1.6,2.4,8.6,5200000 
Jon Leuer,PHO,PF,26.0,67.0,27.0,18.7,3.3,7.0,0.481,0.6,1.6,0.382,2.7,5.3,0.511,0.526,1.1,1.5,0.762,1.1,4.4,5.6,1.1,0.6,0.4,1.1,1.9,8.5,1035000 
Nik Stauskas,PHI,SG,22.0,73.0,35.0,24.8,2.9,7.5,0.385,1.5,4.5,0.326,1.4,3.0,0.473,0.483,1.2,1.6,0.771,0.3,2.2,2.5,1.9,0.6,0.3,1.3,1.6,8.5,2869440 
Tony Allen,MEM,SG,34.0,64.0,57.0,25.3,3.4,7.3,0.458,0.2,0.7,0.357,3.1,6.7,0.468,0.474,1.4,2.2,0.652,1.6,3.0,4.6,1.1,1.7,0.3,1.2,2.7,8.4,5158539 
Meyers Leonard,POR,PF,23.0,61.0,10.0,21.9,3.2,7.1,0.448,1.4,3.7,0.377,1.8,3.4,0.527,0.547,0.6,0.8,0.761,0.8,4.3,5.1,1.5,0.1,0.3,1.3,3.0,8.4,3075880 
Tony Wroten,PHI,PG,22.0,8.0,3.0,18.0,2.8,8.1,0.338,0.4,2.1,0.176,2.4,6.0,0.396,0.362,2.5,4.6,0.541,0.3,2.4,2.6,2.5,0.4,0.0,3.6,1.4,8.4,167406 
Lance Stephenson,TOT,SF,25.0,69.0,13.0,19.9,3.3,6.9,0.481,0.4,1.1,0.385,2.9,5.7,0.5,0.513,1.3,1.6,0.784,0.6,2.7,3.2,1.9,0.6,0.1,1.4,2.0,8.3,9000000 
Jusuf Nurkic,DEN,C,21.0,32.0,3.0,17.1,3.2,7.6,0.417,0.0,0.1,0.0,3.2,7.5,0.423,0.417,1.9,3.1,0.616,2.0,3.4,5.5,1.3,0.8,1.4,1.7,2.8,8.2,1842000 
Lance Thomas,NYK,PF,27.0,59.0,5.0,22.3,2.9,6.5,0.442,0.7,1.8,0.404,2.1,4.6,0.458,0.5,1.7,2.0,0.857,0.6,1.6,2.2,0.9,0.4,0.1,1.0,1.8,8.2,1636842 
Mo Williams,CLE,PG,33.0,41.0,14.0,18.2,3.2,7.4,0.437,0.9,2.5,0.353,2.3,4.9,0.48,0.497,0.9,1.0,0.905,0.1,1.6,1.8,2.4,0.3,0.1,1.4,1.5,8.2,2100000 
Stanley Johnson,DET,SF,19.0,73.0,6.0,23.1,3.1,8.2,0.375,0.9,2.8,0.307,2.2,5.4,0.41,0.428,1.1,1.4,0.784,0.8,3.4,4.2,1.6,0.8,0.2,1.6,2.4,8.1,2841960 
Steven Adams,OKC,C,22.0,80.0,80.0,25.2,3.3,5.3,0.613,0.0,0.0,0,3.3,5.3,0.613,0.613,1.4,2.5,0.582,2.7,3.9,6.7,0.8,0.5,1.1,1.1,2.8,8.0,2279040 
P.J. Tucker,PHO,SF,30.0,82.0,80.0,31.0,2.9,7.1,0.411,0.8,2.5,0.33,2.1,4.6,0.455,0.469,1.3,1.7,0.746,2.0,4.2,6.2,2.2,1.3,0.2,1.4,2.5,8.0,5500000 
Jared Dudley,WAS,PF,30.0,81.0,41.0,25.9,2.9,6.0,0.478,1.2,2.9,0.42,1.6,3.1,0.534,0.581,0.9,1.2,0.735,0.7,2.9,3.5,2.1,0.9,0.2,1.0,2.3,7.9,4375000 
Joffrey Lauvergne,DEN,C,24.0,59.0,15.0,17.6,3.3,6.4,0.513,0.2,0.9,0.245,3.1,5.5,0.557,0.53,1.1,1.2,0.899,1.3,3.6,4.9,0.9,0.2,0.3,0.9,1.9,7.9,1709719 
David Lee,TOT,PF,32.0,55.0,5.0,16.4,3.2,6.1,0.531,0.0,0.0,0.0,3.2,6.1,0.533,0.531,1.3,1.7,0.763,1.8,3.7,5.5,1.5,0.4,0.5,1.2,2.1,7.8,2085671 
Ben McLemore,SAC,SG,22.0,68.0,53.0,21.2,2.9,6.7,0.429,1.0,2.7,0.362,1.9,4.0,0.474,0.502,1.1,1.5,0.718,0.5,1.7,2.2,1.2,0.8,0.1,1.5,2.1,7.8,3156600 
Tristan Thompson,CLE,PF,24.0,82.0,34.0,27.7,3.0,5.1,0.588,0.0,0.0,0,3.0,5.1,0.588,0.588,1.8,3.0,0.616,3.3,5.7,9.0,0.8,0.5,0.6,0.7,2.5,7.8,14260870 
Wayne Ellington,BRK,SG,28.0,76.0,41.0,21.3,2.9,7.4,0.389,1.3,3.5,0.358,1.6,3.9,0.416,0.474,0.7,0.8,0.857,0.3,2.0,2.3,1.1,0.6,0.1,0.6,1.1,7.7,1500000 
Jameer Nelson,DEN,PG,33.0,39.0,15.0,26.6,2.9,7.9,0.368,1.1,3.7,0.299,1.8,4.2,0.429,0.438,0.8,0.9,0.857,0.5,2.5,2.9,4.9,0.6,0.1,1.7,2.6,7.7,4345000 
Jose Calderon,NYK,PG,34.0,72.0,72.0,28.1,2.9,6.3,0.459,1.2,2.8,0.414,1.7,3.5,0.496,0.552,0.6,0.7,0.875,0.3,2.9,3.2,4.2,0.9,0.1,1.2,1.9,7.6,7402812 
Langston Galloway,NYK,PG,24.0,82.0,7.0,24.8,2.8,7.2,0.393,0.9,2.7,0.344,1.9,4.4,0.423,0.458,1.0,1.4,0.754,0.5,3.0,3.5,2.5,0.9,0.3,0.7,2.2,7.6,845059 
Devin Harris,DAL,PG,32.0,64.0,0.0,20.0,2.6,5.8,0.447,0.8,2.5,0.329,1.8,3.4,0.532,0.516,1.6,2.2,0.721,0.3,1.9,2.2,1.8,0.9,0.2,1.0,1.9,7.6,4053446 
Darrell Arthur,DEN,PF,27.0,70.0,16.0,21.7,3.2,7.0,0.452,0.6,1.7,0.385,2.5,5.3,0.473,0.498,0.6,0.8,0.755,1.2,3.0,4.2,1.4,0.8,0.7,0.9,2.6,7.5,2814000 
Matthew Dellavedova,CLE,PG,25.0,76.0,14.0,24.6,2.7,6.7,0.405,1.3,3.1,0.41,1.4,3.6,0.401,0.501,0.8,0.9,0.864,0.4,1.7,2.1,4.4,0.6,0.1,1.5,2.3,7.5,1147276 
JaMychal Green,MEM,PF,25.0,78.0,15.0,18.5,2.9,6.3,0.465,0.2,0.6,0.333,2.8,5.8,0.478,0.48,1.3,1.8,0.752,1.8,3.0,4.8,0.9,0.6,0.4,1.1,2.4,7.4,845059 
Amir Johnson,BOS,PF,28.0,79.0,76.0,22.8,3.2,5.4,0.585,0.1,0.5,0.233,3.0,4.8,0.624,0.596,0.9,1.5,0.57,2.3,4.1,6.4,1.7,0.7,1.1,1.2,2.7,7.3,12000000 
Shane Larkin,BRK,PG,23.0,78.0,17.0,22.4,2.8,6.4,0.442,0.5,1.4,0.361,2.3,5.1,0.464,0.481,1.1,1.4,0.776,0.4,1.9,2.3,4.4,1.2,0.2,1.9,1.6,7.3,1500000 
Jodie Meeks,DET,SG,28.0,3.0,0.0,14.3,2.3,6.7,0.35,1.3,3.0,0.444,1.0,3.7,0.273,0.45,1.3,1.3,1.0,0.3,1.3,1.7,1.0,0.0,0.0,0.3,0.7,7.3,6270000 
Garrett Temple,WAS,SF,29.0,80.0,43.0,24.4,2.5,6.3,0.398,1.1,3.2,0.345,1.4,3.1,0.453,0.486,1.1,1.6,0.728,0.5,2.2,2.7,1.8,0.9,0.2,0.8,2.4,7.3,1100602 
Nick Young,LAL,SG,30.0,54.0,2.0,19.1,2.3,6.9,0.339,1.4,4.4,0.325,0.9,2.5,0.363,0.442,1.2,1.4,0.829,0.3,1.5,1.8,0.6,0.4,0.1,0.6,0.9,7.3,5219169 
Brandon Bass,LAL,PF,30.0,66.0,0.0,20.3,2.6,4.8,0.549,0.0,0.0,0.0,2.6,4.8,0.552,0.549,1.9,2.2,0.845,1.6,2.7,4.3,1.1,0.5,0.8,0.6,1.9,7.2,3000000 
Corey Brewer,HOU,SF,29.0,82.0,12.0,20.4,2.6,6.7,0.384,0.7,2.7,0.272,1.8,4.0,0.46,0.439,1.3,1.7,0.75,0.5,1.9,2.4,1.3,1.0,0.2,1.0,2.0,7.2,8229375 
Tyson Chandler,PHO,C,33.0,66.0,60.0,24.5,2.8,4.8,0.583,0.0,0.0,0.0,2.8,4.7,0.585,0.583,1.6,2.6,0.62,2.7,6.1,8.7,1.0,0.5,0.7,1.4,2.2,7.2,13000000 
Mike Dunleavy,CHI,SF,35.0,31.0,30.0,22.7,2.5,6.1,0.41,1.3,3.2,0.394,1.2,2.9,0.427,0.513,0.9,1.2,0.784,0.3,2.4,2.7,1.3,0.5,0.3,0.8,2.1,7.2,4500000 
James Ennis,TOT,SF,25.0,22.0,5.0,15.0,2.5,5.1,0.478,1.2,2.6,0.448,1.3,2.5,0.509,0.593,1.1,1.5,0.735,1.0,1.0,1.9,1.0,0.7,0.2,0.9,1.3,7.2,845059 
Danny Green,SAS,SG,28.0,79.0,79.0,26.1,2.7,7.1,0.376,1.5,4.4,0.332,1.2,2.7,0.448,0.48,0.4,0.6,0.739,0.6,3.2,3.8,1.8,1.0,0.8,0.9,1.8,7.2,10000000 
Jason Smith,ORL,C,29.0,76.0,2.0,15.5,3.2,6.6,0.485,0.1,0.2,0.25,3.2,6.4,0.493,0.489,0.7,0.9,0.806,0.7,2.2,2.9,0.8,0.4,0.9,0.8,2.1,7.2,4300000 
Aaron Brooks,CHI,PG,31.0,69.0,0.0,16.1,2.7,6.8,0.401,1.0,2.7,0.357,1.8,4.1,0.43,0.471,0.7,0.9,0.766,0.3,1.2,1.5,2.6,0.4,0.1,1.2,1.9,7.1,2250000 
Marreese Speights,GSW,C,28.0,72.0,0.0,11.6,2.7,6.3,0.432,0.3,0.9,0.387,2.4,5.5,0.439,0.458,1.3,1.6,0.825,1.1,2.3,3.3,0.8,0.3,0.5,0.9,1.6,7.1,3815000 
David West,SAS,PF,35.0,78.0,19.0,18.0,3.1,5.7,0.545,0.0,0.1,0.429,3.1,5.7,0.546,0.548,0.8,1.0,0.788,0.9,3.0,4.0,1.8,0.6,0.7,0.9,1.8,7.1,1499187 
Luke Babbitt,NOP,SF,26.0,47.0,13.0,18.0,2.6,6.1,0.422,0.9,2.3,0.404,1.7,3.8,0.433,0.498,0.8,1.1,0.78,0.5,2.6,3.1,1.1,0.2,0.1,0.5,1.9,7.0,1100602 
Clint Capela,HOU,C,21.0,77.0,35.0,19.1,3.0,5.2,0.582,0.0,0.0,0.0,3.0,5.1,0.583,0.582,1.0,2.7,0.379,2.5,3.9,6.4,0.6,0.8,1.2,0.8,2.5,7.0,1242720 
Willie Cauley-Stein,SAC,C,22.0,66.0,39.0,21.4,2.9,5.1,0.563,0.0,0.0,0.0,2.9,5.1,0.567,0.563,1.2,1.9,0.648,2.0,3.3,5.3,0.6,0.7,1.0,0.7,2.2,7.0,3398280 
Festus Ezeli,GSW,C,26.0,46.0,13.0,16.7,2.7,5.0,0.548,0.0,0.0,0,2.7,5.0,0.548,0.548,1.5,2.9,0.53,2.0,3.6,5.6,0.7,0.4,1.1,0.8,2.0,7.0,2008748 
John Henson,MIL,C,25.0,57.0,1.0,16.8,2.9,5.1,0.564,0.0,0.0,0.0,2.9,5.1,0.566,0.564,1.2,2.1,0.59,1.5,2.4,3.9,0.9,0.3,1.9,1.1,2.3,7.0,2943221 
Andre Iguodala,GSW,SF,32.0,65.0,1.0,26.6,2.7,5.7,0.478,0.8,2.4,0.351,1.9,3.3,0.57,0.552,0.8,1.3,0.614,0.8,3.2,4.0,3.4,1.1,0.3,1.2,1.6,7.0,11710456 
Bobby Portis,CHI,PF,20.0,62.0,4.0,17.8,3.0,7.0,0.427,0.3,0.8,0.308,2.7,6.2,0.443,0.445,0.8,1.1,0.727,2.0,3.5,5.4,0.8,0.4,0.4,0.9,1.6,7.0,1391160 
Brandon Jennings,TOT,PG,26.0,48.0,7.0,18.1,2.3,6.3,0.368,1.1,3.2,0.329,1.3,3.1,0.409,0.452,1.2,1.6,0.731,0.3,1.7,2.0,3.5,0.6,0.1,1.2,1.2,6.9,8344497 
Andrew Nicholson,ORL,PF,26.0,56.0,0.0,14.7,2.6,5.5,0.471,0.7,2.0,0.36,1.9,3.5,0.536,0.537,0.9,1.2,0.785,0.6,3.0,3.6,0.4,0.2,0.4,0.7,1.2,6.9,2380593 
Patrick Patterson,TOR,PF,26.0,79.0,0.0,25.6,2.6,6.2,0.414,1.3,3.7,0.362,1.2,2.5,0.49,0.521,0.4,0.4,0.853,1.0,3.4,4.3,1.2,0.7,0.4,0.8,1.6,6.9,6268675 
Brandan Wright,MEM,PF,28.0,12.0,2.0,17.7,2.9,4.3,0.673,0.0,0.0,0,2.9,4.3,0.673,0.673,1.1,2.0,0.542,1.2,2.4,3.6,0.5,0.4,1.3,0.8,1.8,6.9,5464000 
Kosta Koufos,SAC,C,26.0,78.0,14.0,19.0,3.0,5.7,0.532,0.0,0.0,0,3.0,5.7,0.532,0.532,0.7,1.3,0.548,2.2,3.3,5.4,0.4,0.5,0.9,0.6,2.4,6.8,7700000 
Andrea Bargnani,BRK,C,30.0,46.0,0.0,13.8,2.8,6.1,0.455,0.1,0.3,0.188,2.7,5.7,0.471,0.461,1.0,1.2,0.825,0.6,1.5,2.1,0.4,0.1,0.2,0.6,1.3,6.6,1362897 
Vince Carter,MEM,SG,39.0,60.0,3.0,16.8,2.2,5.7,0.388,1.0,2.8,0.349,1.2,2.9,0.425,0.474,1.2,1.4,0.833,0.5,1.9,2.4,0.9,0.6,0.3,0.6,1.7,6.6,4088019 
Josh Richardson,MIA,SG,22.0,52.0,2.0,21.3,2.4,5.2,0.452,1.0,2.2,0.461,1.3,3.0,0.446,0.55,0.8,1.2,0.667,0.4,1.7,2.1,1.4,0.7,0.5,0.7,2.1,6.6,525093 
Ed Davis,POR,PF,26.0,81.0,0.0,20.8,2.5,4.2,0.611,0.0,0.0,0,2.5,4.2,0.611,0.611,1.4,2.5,0.559,2.8,4.6,7.4,1.1,0.7,0.9,0.8,2.5,6.5,6980802 
Kris Humphries,TOT,PF,30.0,53.0,17.0,15.8,2.3,5.6,0.41,0.6,2.0,0.315,1.6,3.5,0.465,0.468,1.3,1.6,0.798,1.1,3.0,4.1,0.7,0.3,0.4,0.7,1.8,6.5,1000000 
Leandro Barbosa,GSW,SG,33.0,68.0,0.0,15.9,2.5,5.4,0.462,0.6,1.6,0.355,1.9,3.8,0.508,0.515,0.8,0.9,0.839,0.4,1.3,1.7,1.2,0.6,0.1,0.8,1.6,6.4,2500000 
Boris Diaw,SAS,PF,33.0,76.0,4.0,18.2,2.7,5.0,0.527,0.3,0.9,0.362,2.3,4.1,0.564,0.56,0.7,1.0,0.737,0.8,2.3,3.1,2.3,0.3,0.3,1.3,1.3,6.4,7500000 
Maurice Harkless,POR,SF,22.0,78.0,14.0,18.7,2.5,5.3,0.474,0.5,1.8,0.279,2.0,3.5,0.576,0.522,0.9,1.4,0.622,1.3,2.3,3.6,0.9,0.6,0.4,0.8,1.6,6.4,2894059 
Thabo Sefolosha,ATL,SF,31.0,75.0,11.0,23.4,2.5,5.0,0.505,0.6,1.7,0.339,1.9,3.3,0.589,0.562,0.8,1.3,0.626,0.7,3.8,4.5,1.4,1.1,0.5,0.9,1.5,6.4,4000000 
Justise Winslow,MIA,SF,19.0,78.0,8.0,28.6,2.5,5.9,0.422,0.4,1.5,0.276,2.1,4.4,0.471,0.457,1.0,1.5,0.684,1.0,4.1,5.2,1.5,0.9,0.3,1.2,2.4,6.4,2481720 
Aron Baynes,DET,C,29.0,81.0,1.0,15.2,2.4,4.7,0.505,0.0,0.0,0.0,2.4,4.7,0.508,0.505,1.6,2.0,0.764,1.7,3.0,4.7,0.6,0.3,0.6,0.8,1.9,6.3,6500000 
Shaun Livingston,GSW,PG,30.0,78.0,3.0,19.5,2.6,4.9,0.536,0.0,0.2,0.167,2.6,4.7,0.548,0.538,1.0,1.2,0.86,0.5,1.6,2.2,3.0,0.7,0.3,1.0,1.8,6.3,5543725 
Timofey Mozgov,CLE,C,29.0,76.0,48.0,17.4,2.7,4.7,0.565,0.0,0.1,0.143,2.7,4.6,0.574,0.567,0.9,1.3,0.716,1.4,3.0,4.4,0.4,0.3,0.8,0.9,2.1,6.3,4950000 
P.J. Hairston,TOT,SF,23.0,66.0,52.0,19.9,2.2,6.2,0.355,1.1,3.7,0.29,1.1,2.5,0.449,0.441,0.8,1.0,0.781,0.4,2.3,2.6,0.6,0.5,0.2,0.6,2.1,6.2,1201440 
Donatas Motiejunas,HOU,PF,25.0,37.0,22.0,14.8,2.4,5.5,0.439,0.4,1.5,0.281,2.0,4.0,0.5,0.478,0.9,1.4,0.642,1.0,1.9,2.9,1.1,0.5,0.1,1.2,1.9,6.2,2288205 
Mike Scott,ATL,PF,27.0,75.0,0.0,15.3,2.3,5.0,0.468,0.8,2.1,0.392,1.5,2.9,0.523,0.551,0.7,0.8,0.794,0.7,2.0,2.7,1.0,0.3,0.2,0.6,1.4,6.2,3333333 
Dante Cunningham,NOP,SF,28.0,80.0,46.0,24.6,2.3,5.2,0.451,0.7,2.2,0.316,1.6,3.0,0.55,0.518,0.7,1.0,0.695,0.7,2.2,3.0,1.0,0.5,0.4,0.5,2.2,6.1,2850000 
Channing Frye,TOT,PF-C,32.0,70.0,32.0,17.1,2.2,5.0,0.438,1.3,3.4,0.387,0.9,1.6,0.545,0.569,0.4,0.5,0.857,0.5,2.8,3.3,1.0,0.4,0.4,0.6,1.8,6.1,8193029 
Mario Hezonja,ORL,SF,20.0,79.0,9.0,17.9,2.3,5.3,0.433,0.8,2.4,0.349,1.4,2.9,0.504,0.513,0.6,0.7,0.907,0.4,1.9,2.2,1.4,0.5,0.2,1.2,1.6,6.1,3741480 
Trey Lyles,UTA,PF,20.0,80.0,33.0,17.3,2.4,5.5,0.438,0.6,1.6,0.383,1.8,3.9,0.461,0.494,0.7,1.0,0.695,0.7,3.0,3.7,0.7,0.3,0.2,0.8,1.4,6.1,2239800 
Paul Pierce,LAC,SF,38.0,68.0,38.0,18.1,2.1,5.8,0.363,1.1,3.6,0.31,1.0,2.3,0.445,0.457,0.8,1.0,0.818,0.2,2.6,2.7,1.0,0.5,0.3,0.9,1.9,6.1,3376000 
Tyler Zeller,BOS,C,26.0,60.0,3.0,11.8,2.3,4.8,0.476,0.0,0.0,0,2.3,4.8,0.476,0.476,1.5,1.8,0.815,1.0,1.9,3.0,0.5,0.2,0.4,0.8,1.6,6.1,2616975 
Alexis Ajinca,NOP,C,27.0,59.0,17.0,14.6,2.5,5.3,0.476,0.0,0.0,0.0,2.5,5.3,0.478,0.476,0.9,1.1,0.839,1.3,3.3,4.6,0.5,0.3,0.6,0.9,2.3,6.0,4389607 
Spencer Hawes,CHO,PF,27.0,57.0,6.0,18.2,2.2,5.4,0.405,0.7,1.8,0.373,1.5,3.6,0.422,0.467,0.9,1.1,0.831,0.9,3.4,4.3,1.9,0.4,0.5,1.0,1.9,6.0,6110034 
Trevor Booker,UTA,PF,28.0,79.0,2.0,20.7,2.4,4.9,0.49,0.2,0.5,0.293,2.3,4.4,0.513,0.505,0.9,1.3,0.67,2.1,3.6,5.7,1.1,0.7,0.5,1.0,2.1,5.9,4775000 
Randy Foye,TOT,SG,32.0,81.0,8.0,20.3,2.1,6.0,0.351,0.9,3.1,0.3,1.2,2.9,0.405,0.428,0.8,0.9,0.824,0.3,1.6,1.9,2.0,0.5,0.4,1.1,1.6,5.9,3135000 
Roy Hibbert,LAL,C,29.0,81.0,81.0,23.2,2.2,5.1,0.443,0.0,0.0,0.0,2.2,5.0,0.445,0.443,1.4,1.8,0.807,1.6,3.3,4.9,1.2,0.4,1.4,0.9,3.1,5.9,15592217 
Raul Neto,UTA,PG,23.0,81.0,53.0,18.5,2.2,5.2,0.431,0.8,2.0,0.395,1.4,3.2,0.453,0.507,0.6,0.9,0.743,0.2,1.3,1.5,2.1,0.8,0.0,1.3,1.5,5.9,900000 
Rondae Hollis-Jefferson,BRK,SF,21.0,29.0,17.0,21.2,2.2,4.8,0.457,0.1,0.5,0.286,2.0,4.3,0.476,0.471,1.3,1.8,0.712,1.3,4.0,5.3,1.5,1.3,0.6,0.9,2.1,5.8,1335480 
Iman Shumpert,CLE,SG,25.0,54.0,5.0,24.4,2.1,5.6,0.374,0.8,2.7,0.295,1.3,2.9,0.447,0.444,0.7,0.9,0.784,0.6,3.2,3.8,1.7,1.0,0.4,1.1,2.2,5.8,8988765 
Ty Lawson,TOT,PG,28.0,66.0,13.0,21.4,2.1,5.4,0.393,0.5,1.6,0.333,1.6,3.7,0.419,0.444,0.9,1.3,0.686,0.4,1.4,1.8,3.6,0.8,0.1,1.4,1.3,5.7,211744 
Jarell Martin,MEM,PF,21.0,27.0,0.0,14.1,2.0,4.3,0.466,0.0,0.1,0.0,2.0,4.2,0.474,0.466,1.7,2.3,0.726,1.4,1.7,3.2,0.6,0.3,0.3,0.7,2.1,5.7,1230840 
Greivis Vasquez,MIL,PG,29.0,23.0,0.0,20.0,2.0,6.0,0.326,0.8,3.2,0.247,1.2,2.8,0.415,0.391,1.0,1.1,0.846,0.2,1.8,2.0,4.0,0.4,0.0,1.7,1.8,5.7,6600000 
Troy Daniels,CHO,SG,24.0,43.0,0.0,11.1,2.1,4.3,0.476,1.4,2.8,0.484,0.7,1.5,0.462,0.634,0.1,0.2,0.556,0.2,1.2,1.3,0.5,0.3,0.1,0.6,0.9,5.6,947276 
Bryce Dejean-Jones,NOP,SG,23.0,14.0,11.0,19.9,2.0,4.9,0.406,0.9,2.3,0.375,1.1,2.6,0.432,0.493,0.8,1.5,0.524,0.6,2.9,3.4,1.1,0.7,0.1,0.8,1.2,5.6,169883 
Jerian Grant,NYK,PG,23.0,76.0,6.0,16.6,2.0,5.1,0.394,0.3,1.3,0.22,1.7,3.8,0.454,0.422,1.3,1.6,0.78,0.3,1.6,1.9,2.3,0.7,0.1,1.1,1.3,5.6,1572360 
Richaun Holmes,PHI,PF,22.0,51.0,1.0,13.8,2.2,4.4,0.514,0.2,0.9,0.182,2.1,3.5,0.596,0.532,1.0,1.5,0.689,1.2,1.4,2.6,0.6,0.4,0.8,0.6,1.8,5.6,1074169 
Anthony Morrow,OKC,SG,30.0,68.0,6.0,13.6,2.0,4.9,0.408,1.2,3.0,0.387,0.8,1.9,0.442,0.527,0.4,0.6,0.744,0.1,0.8,0.9,0.4,0.3,0.1,0.3,0.9,5.6,3344000 
Norman Powell,TOR,SG,22.0,49.0,24.0,14.8,2.0,4.7,0.424,0.7,1.8,0.404,1.2,2.9,0.436,0.502,0.9,1.1,0.811,0.3,1.9,2.3,1.0,0.6,0.2,0.7,1.2,5.6,650000 
Tiago Splitter,ATL,C,31.0,36.0,2.0,16.1,2.3,4.3,0.523,0.0,0.1,0.0,2.3,4.3,0.529,0.523,1.1,1.3,0.813,1.3,2.1,3.3,0.8,0.6,0.3,0.7,2.0,5.6,9756250 
Cole Aldrich,LAC,C,27.0,60.0,5.0,13.3,2.2,3.8,0.596,0.0,0.0,0,2.2,3.8,0.596,0.596,1.0,1.4,0.714,1.4,3.4,4.8,0.8,0.8,1.1,1.1,2.3,5.5,1100602 
Boban Marjanovic,SAS,C,27.0,54.0,4.0,9.4,1.9,3.2,0.603,0.0,0.0,0,1.9,3.2,0.603,0.603,1.6,2.1,0.763,1.4,2.2,3.6,0.4,0.2,0.4,0.5,1.0,5.5,1200000 
Larry Nance Jr.,LAL,PF,23.0,63.0,22.0,20.1,2.5,4.8,0.527,0.0,0.2,0.1,2.5,4.6,0.541,0.528,0.5,0.7,0.681,1.6,3.3,5.0,0.7,0.9,0.4,0.7,2.0,5.5,1155600 
Lavoy Allen,IND,PF,26.0,79.0,28.0,20.2,2.4,4.7,0.516,0.0,0.0,0,2.4,4.7,0.516,0.516,0.6,0.9,0.63,2.1,3.3,5.4,1.0,0.3,0.5,0.9,1.9,5.4,4050000 
Andrew Bogut,GSW,C,31.0,70.0,66.0,20.7,2.5,4.0,0.627,0.0,0.0,1.0,2.5,4.0,0.626,0.629,0.3,0.7,0.48,1.7,5.3,7.0,2.3,0.5,1.6,1.2,3.2,5.4,13800000 
Tony Snell,CHI,SF,24.0,64.0,33.0,20.3,2.0,5.3,0.372,0.9,2.4,0.361,1.1,2.9,0.38,0.454,0.5,0.5,0.909,0.3,2.8,3.1,1.0,0.3,0.3,0.8,1.6,5.3,1535880 
Anthony Tolliver,DET,PF,30.0,72.0,5.0,18.6,1.8,4.6,0.386,1.4,3.8,0.36,0.4,0.8,0.5,0.533,0.4,0.7,0.617,0.5,2.6,3.2,0.7,0.4,0.2,0.4,1.2,5.3,3000000 
Nemanja Bjelica,MIN,PF,27.0,60.0,0.0,17.9,1.8,3.9,0.468,0.8,2.1,0.384,1.0,1.8,0.564,0.57,0.7,0.9,0.727,0.8,2.7,3.5,1.4,0.4,0.4,0.8,2.6,5.1,3950001 
Miles Plumlee,MIL,C,27.0,61.0,14.0,14.3,2.3,3.8,0.601,0.0,0.0,0,2.3,3.8,0.601,0.601,0.6,1.0,0.576,1.5,2.3,3.8,0.3,0.3,0.8,0.7,1.2,5.1,2109294 
JaKarr Sampson,TOT,SF,22.0,73.0,40.0,15.9,1.9,4.3,0.442,0.2,0.9,0.222,1.7,3.5,0.496,0.464,1.1,1.7,0.656,0.6,2.0,2.6,0.6,0.3,0.5,1.0,1.9,5.1,258489 
James Johnson,TOR,PF,28.0,57.0,32.0,16.2,2.0,4.2,0.475,0.4,1.2,0.303,1.6,3.1,0.54,0.517,0.7,1.2,0.574,0.5,1.7,2.2,1.2,0.5,0.6,0.9,1.5,5.0,2500000 
Cameron Payne,OKC,PG,21.0,57.0,1.0,12.2,2.0,4.9,0.41,0.6,1.9,0.324,1.4,2.9,0.467,0.475,0.3,0.4,0.792,0.2,1.3,1.5,1.9,0.6,0.1,0.8,1.4,5.0,2021520 
Spencer Dinwiddie,DET,PG,22.0,12.0,0.0,13.3,1.6,4.5,0.352,0.1,0.8,0.1,1.5,3.7,0.409,0.361,1.6,2.8,0.576,0.3,1.1,1.4,1.8,0.3,0.0,0.6,1.7,4.8,845059 
Kyle O'Quinn,NYK,PF,25.0,65.0,1.0,11.8,2.0,4.2,0.476,0.1,0.3,0.227,1.9,3.8,0.498,0.485,0.7,0.9,0.767,1.2,2.7,3.8,1.1,0.3,0.8,0.9,1.6,4.8,3750000 
Andre Roberson,OKC,SG,24.0,70.0,70.0,22.2,1.9,3.9,0.496,0.5,1.5,0.311,1.5,2.4,0.608,0.555,0.5,0.8,0.611,1.1,2.5,3.6,0.7,0.8,0.6,0.5,1.9,4.8,1210800 
Chris McCullough,BRK,PF,20.0,24.0,4.0,15.1,1.8,4.5,0.404,0.5,1.4,0.382,1.3,3.1,0.413,0.463,0.5,1.0,0.478,1.0,1.8,2.8,0.4,1.2,0.5,0.6,1.6,4.7,1140240 
Willie Reed,BRK,PF,25.0,39.0,2.0,10.9,1.9,3.4,0.571,0.0,0.0,0,1.9,3.4,0.571,0.571,0.8,1.4,0.545,1.3,1.9,3.1,0.3,0.2,0.8,0.4,1.2,4.7,947276 
Beno Udrih,TOT,PG,33.0,44.0,5.0,16.1,2.0,4.5,0.434,0.3,1.0,0.341,1.6,3.5,0.461,0.472,0.4,0.5,0.9,0.2,1.5,1.6,2.6,0.3,0.0,1.2,1.2,4.7,2170465 
Kyle Anderson,SAS,SF,22.0,78.0,11.0,16.0,1.8,3.8,0.468,0.2,0.5,0.324,1.6,3.3,0.488,0.488,0.8,1.1,0.747,0.3,2.8,3.1,1.6,0.8,0.4,0.8,1.2,4.5,1142880 
Tyler Ennis,MIL,PG,21.0,46.0,7.0,14.2,1.8,4.1,0.449,0.3,0.8,0.333,1.5,3.2,0.48,0.484,0.5,0.7,0.735,0.3,1.3,1.6,2.1,0.5,0.0,1.0,1.4,4.5,1662360 
Alonzo Gee,NOP,SF,28.0,73.0,38.0,22.4,1.8,3.5,0.518,0.2,0.8,0.283,1.6,2.7,0.59,0.551,0.6,0.9,0.667,0.8,2.5,3.4,1.0,0.9,0.2,0.8,2.3,4.5,1320000 
Jordan McRae,TOT,PG,24.0,22.0,1.0,8.9,1.5,3.5,0.436,0.5,1.0,0.455,1.1,2.5,0.429,0.5,1.0,1.3,0.75,0.2,0.7,0.9,1.1,0.1,0.0,0.7,0.8,4.5,111196 
Nikola Pekovic,MIN,C,30.0,12.0,3.0,13.0,1.6,4.2,0.38,0.0,0.0,0,1.6,4.2,0.38,0.38,1.3,1.7,0.8,0.6,1.2,1.8,0.9,0.1,0.0,0.8,1.8,4.5,12100000 
Steve Blake,DET,PG,35.0,58.0,2.0,17.0,1.6,4.1,0.388,0.9,2.6,0.344,0.7,1.5,0.461,0.496,0.3,0.3,0.8,0.2,1.4,1.5,3.4,0.4,0.1,1.4,1.2,4.4,2170465 
Jonas Jerebko,BOS,PF,28.0,78.0,0.0,15.1,1.5,3.7,0.413,0.6,1.4,0.398,1.0,2.3,0.421,0.488,0.8,1.0,0.782,1.0,2.7,3.7,0.8,0.3,0.3,0.7,1.8,4.4,5000000 
Joakim Noah,CHI,C,30.0,29.0,2.0,21.9,1.8,4.6,0.383,0.0,0.0,0.0,1.8,4.6,0.386,0.383,0.8,1.6,0.489,3.0,5.8,8.8,3.8,0.6,1.0,1.8,2.7,4.3,13400000 
Thomas Robinson,BRK,PF,24.0,71.0,7.0,12.9,1.8,4.1,0.447,0.0,0.0,0.0,1.8,4.1,0.448,0.447,0.7,1.5,0.431,1.9,3.1,5.1,0.6,0.5,0.5,1.0,1.6,4.3,981348 
C.J. Watson,ORL,PG,31.0,33.0,2.0,19.9,1.4,4.2,0.343,0.4,1.5,0.292,1.0,2.7,0.371,0.394,1.0,1.2,0.872,0.3,1.7,2.0,2.7,0.6,0.2,0.8,1.5,4.3,5000000 
Jeff Withey,UTA,C,25.0,51.0,10.0,12.9,1.7,3.2,0.537,0.0,0.0,0.0,1.7,3.1,0.544,0.537,0.8,1.2,0.729,1.1,2.3,3.4,0.4,0.4,1.0,0.5,1.5,4.3,947276 
Solomon Hill,IND,SF,24.0,59.0,3.0,14.7,1.6,3.5,0.447,0.4,1.3,0.324,1.2,2.3,0.515,0.505,0.6,0.7,0.857,0.7,2.2,2.8,1.0,0.6,0.2,0.6,1.2,4.2,1358880 
Joe Ingles,UTA,SF,28.0,81.0,2.0,15.3,1.5,3.6,0.426,1.0,2.6,0.386,0.5,1.0,0.531,0.565,0.2,0.2,0.722,0.2,1.6,1.9,1.2,0.7,0.0,0.8,1.2,4.2,2050000 
Tyus Jones,MIN,PG,19.0,37.0,0.0,15.5,1.5,4.2,0.359,0.4,1.4,0.302,1.1,2.8,0.388,0.41,0.8,1.1,0.718,0.2,1.1,1.3,2.9,0.8,0.1,0.9,0.9,4.2,1282080 
Ryan Kelly,LAL,PF,24.0,36.0,0.0,13.1,1.5,4.1,0.369,0.1,1.0,0.135,1.4,3.1,0.446,0.386,1.0,1.5,0.685,0.6,2.8,3.4,0.6,0.4,0.3,0.5,1.1,4.2,1724250 
Brandon Rush,GSW,SG,30.0,72.0,25.0,14.7,1.5,3.6,0.427,0.9,2.2,0.414,0.6,1.4,0.447,0.552,0.3,0.4,0.643,0.3,2.2,2.5,0.8,0.3,0.3,0.5,0.8,4.2,1270964 
Chase Budinger,TOT,SF,27.0,66.0,2.0,14.1,1.6,3.6,0.435,0.4,1.3,0.279,1.2,2.3,0.523,0.485,0.6,0.8,0.696,0.7,1.6,2.3,1.0,0.5,0.2,0.7,0.9,4.1,206192 
John Jenkins,TOT,SG,24.0,43.0,3.0,11.2,1.7,3.7,0.444,0.4,1.2,0.314,1.3,2.5,0.505,0.494,0.5,0.6,0.833,0.2,1.1,1.3,0.8,0.2,0.0,0.6,0.5,4.1,981348 
Omer Asik,NOP,C,29.0,68.0,64.0,17.3,1.5,2.9,0.533,0.0,0.0,0,1.5,2.9,0.533,0.533,0.9,1.6,0.545,1.8,4.3,6.1,0.4,0.3,0.3,0.9,1.8,4.0,9213483 
Anthony Brown,LAL,SF,23.0,29.0,11.0,20.7,1.3,4.3,0.31,0.7,2.4,0.286,0.7,1.9,0.339,0.389,0.6,0.7,0.85,0.3,2.1,2.4,0.7,0.5,0.2,0.5,1.2,4.0,700000 
Rakeem Christmas,IND,PF,24.0,1.0,0.0,6.0,2.0,2.0,1.0,0.0,0.0,0,2.0,2.0,1.0,1.0,0.0,0.0,0,1.0,0.0,1.0,0.0,0.0,0.0,0.0,1.0,4.0,1007026 
Darrun Hilliard,DET,SG,22.0,38.0,2.0,10.1,1.4,3.4,0.397,0.5,1.3,0.38,0.9,2.1,0.407,0.469,0.8,1.1,0.725,0.1,1.1,1.2,0.7,0.2,0.0,0.5,0.7,4.0,600000 
Brian Roberts,TOT,PG,30.0,51.0,0.0,9.2,1.5,3.2,0.448,0.3,0.8,0.357,1.2,2.4,0.48,0.494,0.8,0.9,0.894,0.1,0.7,0.8,1.1,0.2,0.0,0.5,0.7,4.0,2854940 
Chris Andersen,TOT,C,37.0,27.0,15.0,14.9,1.4,2.7,0.528,0.1,0.5,0.286,1.3,2.1,0.586,0.556,0.9,1.3,0.694,1.3,2.3,3.6,0.4,0.6,0.5,0.3,1.1,3.9,5000000 
Kevin Seraphin,NYK,C,26.0,48.0,0.0,11.0,1.8,4.3,0.41,0.0,0.0,0.0,1.8,4.2,0.414,0.41,0.4,0.5,0.826,0.6,2.0,2.6,1.0,0.2,0.8,0.9,1.4,3.9,2814000 
Justin Anderson,DAL,SF,22.0,55.0,9.0,11.8,1.3,3.2,0.406,0.4,1.5,0.265,0.9,1.7,0.533,0.469,0.8,1.0,0.8,0.3,2.1,2.4,0.5,0.3,0.5,0.4,0.8,3.8,1449000 
Delon Wright,TOR,PG,23.0,27.0,1.0,8.5,1.3,3.0,0.45,0.2,0.5,0.385,1.1,2.5,0.463,0.481,1.0,1.3,0.743,0.3,1.1,1.4,1.1,0.3,0.1,0.6,0.3,3.8,1509360 
Joe Young,IND,PG,23.0,41.0,0.0,9.4,1.5,4.1,0.367,0.2,1.1,0.217,1.3,3.0,0.423,0.396,0.5,0.6,0.8,0.1,1.1,1.2,1.6,0.4,0.0,0.8,0.7,3.8,1007026 
Caron Butler,SAC,SF,35.0,17.0,1.0,10.4,1.5,3.5,0.424,0.2,1.1,0.167,1.3,2.4,0.537,0.449,0.6,0.7,0.833,0.3,1.0,1.3,0.6,0.5,0.1,0.2,1.1,3.7,1449187 
Orlando Johnson,TOT,SG,26.0,7.0,1.0,14.4,1.3,4.9,0.265,0.3,1.4,0.2,1.0,3.4,0.292,0.294,0.9,1.1,0.75,0.6,1.6,2.1,0.3,0.4,0.4,0.6,1.3,3.7,55722 
Kendall Marshall,PHI,PG,24.0,30.0,6.0,13.3,1.4,3.9,0.364,0.5,1.6,0.327,0.9,2.3,0.391,0.432,0.3,0.4,0.692,0.1,0.9,0.9,2.4,0.5,0.1,1.4,1.0,3.7,2144772 
Andre Miller,TOT,PG,39.0,39.0,4.0,11.8,1.5,2.7,0.557,0.1,0.2,0.25,1.5,2.5,0.582,0.566,0.6,0.8,0.75,0.3,1.0,1.3,2.2,0.4,0.0,0.9,1.2,3.7,250750 
Shabazz Napier,ORL,PG,24.0,55.0,0.0,10.9,1.2,3.7,0.338,0.6,1.9,0.327,0.6,1.8,0.351,0.423,0.6,0.8,0.733,0.2,0.8,1.0,1.8,0.4,0.0,0.8,0.7,3.7,1294440 
Montrezl Harrell,HOU,PF,22.0,39.0,1.0,9.7,1.5,2.3,0.644,0.0,0.0,0.0,1.5,2.3,0.652,0.644,0.6,1.2,0.522,0.6,1.0,1.7,0.4,0.3,0.3,0.4,1.2,3.6,1000000 
Josh McRoberts,MIA,PF,28.0,42.0,1.0,14.2,1.3,3.5,0.372,0.3,1.2,0.245,1.0,2.4,0.434,0.412,0.7,1.0,0.7,0.5,2.0,2.5,1.9,0.4,0.2,0.7,1.6,3.6,5543725 
Noah Vonleh,POR,PF,20.0,78.0,56.0,15.1,1.5,3.6,0.421,0.1,0.6,0.239,1.4,3.0,0.457,0.441,0.5,0.7,0.745,1.2,2.7,3.9,0.4,0.3,0.3,0.6,1.9,3.6,2637720 
Christian Wood,PHI,PF,20.0,17.0,0.0,8.5,1.3,3.1,0.415,0.2,0.6,0.364,1.1,2.5,0.429,0.453,0.8,1.2,0.619,0.8,1.5,2.2,0.2,0.3,0.4,0.1,0.6,3.6,525093 
Jordan Adams,MEM,SG,21.0,2.0,0.0,7.5,1.0,3.0,0.333,0.0,0.5,0.0,1.0,2.5,0.4,0.333,1.5,2.5,0.6,0.0,1.0,1.0,1.5,1.5,0.0,1.0,1.0,3.5,1404600 
James Anderson,SAC,SG,26.0,51.0,15.0,14.1,1.3,3.5,0.376,0.5,1.7,0.267,0.9,1.8,0.478,0.441,0.4,0.6,0.759,0.3,1.4,1.7,0.8,0.4,0.3,0.8,1.1,3.5,1015421 
Robert Sacre,LAL,C,26.0,25.0,1.0,12.8,1.2,3.0,0.413,0.0,0.0,0,1.2,3.0,0.413,0.413,1.0,1.5,0.658,1.3,1.6,2.9,0.6,0.2,0.4,0.5,1.7,3.5,981348 
Cristiano Felicio,CHI,C,23.0,31.0,4.0,10.4,1.3,2.3,0.556,0.0,0.1,0.0,1.3,2.2,0.588,0.556,0.8,1.1,0.714,1.0,2.3,3.3,0.8,0.2,0.4,0.4,1.0,3.4,525093 
Ryan Hollins,TOT,C,31.0,37.0,12.0,12.4,1.3,2.1,0.62,0.0,0.0,0,1.3,2.1,0.62,0.62,0.7,1.1,0.619,1.3,1.4,2.6,0.3,0.2,0.6,0.6,1.7,3.4,239605 
Kyle Singler,OKC,SF,27.0,68.0,2.0,14.4,1.3,3.3,0.389,0.4,1.4,0.309,0.8,1.8,0.452,0.457,0.4,0.6,0.659,0.7,1.3,2.1,0.4,0.4,0.1,0.5,1.8,3.4,4500000 
Reggie Bullock,DET,SF,24.0,37.0,0.0,11.6,1.2,2.6,0.439,0.6,1.4,0.415,0.6,1.2,0.467,0.551,0.4,0.4,0.933,0.4,1.5,1.8,0.7,0.3,0.1,0.2,0.8,3.3,1252440 
Phil Pressey,TOT,PG,24.0,23.0,0.0,12.3,1.3,3.4,0.385,0.2,0.8,0.222,1.1,2.6,0.433,0.41,0.6,1.1,0.52,0.1,1.2,1.3,3.3,0.8,0.2,1.4,1.2,3.3,55722 
Kevin Garnett,MIN,PF,39.0,38.0,38.0,14.6,1.4,3.0,0.47,0.0,0.0,0.0,1.4,3.0,0.474,0.47,0.4,0.6,0.667,0.4,3.6,3.9,1.6,0.7,0.3,0.4,1.8,3.2,8500000 
Jason Thompson,TOT,C,29.0,47.0,7.0,10.0,1.1,2.3,0.481,0.1,0.3,0.333,1.0,2.0,0.505,0.505,0.8,1.1,0.704,0.7,2.2,2.9,0.6,0.3,0.4,0.3,1.7,3.1,245177 
Rashad Vaughn,MIL,SG,19.0,70.0,6.0,14.3,1.2,3.8,0.305,0.6,2.1,0.293,0.5,1.7,0.319,0.385,0.2,0.2,0.8,0.2,1.1,1.3,0.6,0.4,0.2,0.4,1.0,3.1,1733040 
Thanasis Antetokounmpo,NYK,SF,23.0,2.0,0.0,3.0,1.5,2.0,0.75,0.0,0.5,0.0,1.5,1.5,1.0,0.75,0.0,0.0,0,0.0,0.5,0.5,0.0,0.0,0.0,0.0,1.0,3.0,30888 
Kirk Hinrich,TOT,PG,35.0,46.0,7.0,13.7,1.1,2.8,0.38,0.5,1.3,0.387,0.5,1.5,0.373,0.473,0.3,0.3,0.938,0.2,1.3,1.5,1.6,0.3,0.0,0.7,1.4,3.0,2854940 
Chris Johnson,UTA,SF,25.0,70.0,2.0,12.2,1.0,2.8,0.371,0.4,1.4,0.273,0.6,1.4,0.474,0.441,0.5,0.6,0.81,0.4,1.5,1.9,0.6,0.5,0.3,0.6,1.4,2.9,981348 
Alan Williams,PHO,PF,23.0,10.0,0.0,6.8,1.0,2.4,0.417,0.0,0.0,0,1.0,2.4,0.417,0.417,0.9,1.4,0.643,1.4,2.4,3.8,0.5,0.4,0.5,0.6,1.5,2.9,83397 
Andrew Goudelock,HOU,PG,27.0,8.0,0.0,6.3,1.1,2.5,0.45,0.1,1.1,0.111,1.0,1.4,0.727,0.475,0.4,0.5,0.75,0.1,0.1,0.3,0.5,0.8,0.3,0.9,0.5,2.8,200600 
Josh Huestis,OKC,PF,24.0,5.0,0.0,11.0,1.0,2.4,0.417,0.8,1.2,0.667,0.2,1.2,0.167,0.583,0.0,0.8,0.0,0.4,1.6,2.0,0.0,0.2,0.4,0.6,0.6,2.8,1140240 
Cory Jefferson,PHO,PF,25.0,8.0,0.0,6.3,1.1,2.8,0.409,0.0,0.1,0.0,1.1,2.6,0.429,0.409,0.5,0.8,0.667,0.8,1.3,2.0,0.0,0.0,0.1,0.0,1.0,2.8,49709 
Chris Kaman,POR,C,33.0,16.0,2.0,7.0,1.3,2.7,0.465,0.1,0.3,0.25,1.2,2.4,0.487,0.477,0.2,0.2,1.0,0.4,1.1,1.5,0.7,0.1,0.1,0.5,0.9,2.8,5016000 
Drew Gooden,WAS,PF,34.0,30.0,0.0,10.2,1.1,3.4,0.32,0.2,1.4,0.171,0.9,2.1,0.419,0.354,0.3,0.5,0.643,0.9,1.9,2.8,0.4,0.3,0.4,0.4,1.3,2.7,3300000 
R.J. Hunter,BOS,SG,22.0,36.0,0.0,8.8,1.0,2.7,0.367,0.5,1.8,0.302,0.5,1.0,0.486,0.464,0.2,0.2,0.857,0.1,1.0,1.0,0.4,0.4,0.1,0.3,0.8,2.7,1148640 
Kostas Papanikolaou,DEN,SF,25.0,26.0,6.0,11.3,0.9,2.5,0.364,0.4,1.2,0.313,0.5,1.3,0.412,0.439,0.3,0.5,0.643,0.3,1.2,1.5,0.6,0.5,0.2,0.8,0.9,2.6,800321 
Anderson Varejao,TOT,C,33.0,53.0,0.0,9.4,1.0,2.3,0.427,0.0,0.0,0.0,1.0,2.3,0.431,0.427,0.6,0.9,0.64,0.7,2.0,2.7,0.7,0.3,0.2,0.4,1.3,2.6,289755 
Lorenzo Brown,PHO,PG,25.0,8.0,0.0,7.6,1.0,3.1,0.32,0.1,1.0,0.125,0.9,2.1,0.412,0.34,0.4,0.5,0.75,0.0,0.9,0.9,1.4,0.4,0.1,1.1,0.5,2.5,111444 
Adreian Payne,MIN,PF,24.0,52.0,2.0,9.3,1.0,2.8,0.366,0.2,0.6,0.281,0.8,2.2,0.389,0.397,0.3,0.5,0.654,0.4,1.8,2.1,0.6,0.3,0.2,0.7,1.5,2.5,1938840 
Pablo Prigioni,LAC,PG,38.0,59.0,3.0,13.9,0.9,2.5,0.374,0.5,1.6,0.295,0.5,0.9,0.519,0.469,0.1,0.1,0.875,0.6,1.3,1.9,2.2,0.9,0.0,0.8,1.4,2.5,947726 
Sonny Weems,TOT,SG-SF,29.0,43.0,0.0,11.6,1.0,2.6,0.382,0.3,1.0,0.366,0.6,1.6,0.391,0.45,0.2,0.3,0.533,0.2,1.1,1.2,1.1,0.2,0.0,1.0,1.1,2.5,2814000 
Jarell Eddie,WAS,SF,24.0,26.0,0.0,5.7,0.8,2.5,0.308,0.6,1.8,0.319,0.2,0.7,0.278,0.423,0.3,0.3,1.0,0.1,0.8,0.9,0.2,0.2,0.0,0.0,0.2,2.4,561716 
Jeremy Evans,DAL,SF,28.0,30.0,2.0,8.4,0.9,1.6,0.542,0.1,0.5,0.25,0.7,1.1,0.688,0.583,0.5,0.7,0.714,0.4,1.4,1.8,0.1,0.2,0.3,0.2,0.6,2.4,1100602 
Tyler Hansbrough,CHO,PF,30.0,44.0,0.0,7.8,0.7,1.6,0.451,0.0,0.1,0.667,0.7,1.5,0.441,0.465,0.9,1.5,0.585,0.9,1.1,2.0,0.2,0.3,0.2,0.3,1.3,2.4,947276 
Sergey Karasev,BRK,SF,22.0,40.0,5.0,10.0,0.8,1.9,0.405,0.3,0.9,0.297,0.5,0.9,0.514,0.48,0.7,0.7,0.929,0.2,1.3,1.5,0.9,0.2,0.1,0.6,0.7,2.4,1599840 
K.J. McDaniels,HOU,SF,22.0,37.0,1.0,6.4,0.8,1.9,0.403,0.2,0.7,0.28,0.6,1.3,0.468,0.451,0.6,0.8,0.8,0.4,0.7,1.1,0.3,0.2,0.2,0.5,0.8,2.4,3189794 
Steve Novak,TOT,PF,32.0,10.0,0.0,4.4,0.8,1.8,0.444,0.7,1.5,0.467,0.1,0.3,0.333,0.639,0.1,0.1,1.0,0.0,0.5,0.5,0.0,0.0,0.0,0.1,0.3,2.4,295327 
Damjan Rudez,MIN,SF,29.0,33.0,0.0,8.4,0.8,1.9,0.403,0.5,1.5,0.34,0.2,0.4,0.667,0.54,0.2,0.2,1.0,0.2,0.5,0.6,0.3,0.1,0.0,0.4,1.0,2.3,1149500 
Walter Tavares,ATL,C,23.0,11.0,0.0,6.6,1.0,1.7,0.579,0.0,0.0,0,1.0,1.7,0.579,0.579,0.3,0.7,0.375,0.6,1.3,1.9,0.3,0.1,0.5,0.5,0.7,2.3,1000000 
Lucas Nogueira,TOR,C,23.0,29.0,1.0,7.8,1.0,1.5,0.636,0.0,0.1,0.333,0.9,1.4,0.659,0.648,0.3,0.5,0.533,0.6,1.0,1.6,0.2,0.4,0.4,0.4,1.0,2.2,1842000 
DeJuan Blair,WAS,C,26.0,29.0,0.0,7.5,1.0,2.3,0.412,0.0,0.0,0.0,1.0,2.3,0.418,0.412,0.2,0.4,0.385,0.7,1.3,2.0,0.4,0.3,0.1,0.5,1.8,2.1,2000000 
Nick Collison,OKC,PF,35.0,59.0,4.0,11.8,0.8,1.8,0.459,0.0,0.0,0.0,0.8,1.8,0.467,0.459,0.4,0.6,0.697,1.2,1.7,2.9,0.9,0.3,0.3,0.8,1.8,2.1,3750000 
Chris Copeland,MIL,PF,31.0,24.0,1.0,6.5,0.7,2.1,0.333,0.4,1.5,0.278,0.3,0.6,0.467,0.431,0.3,0.3,0.857,0.0,0.4,0.4,0.5,0.1,0.0,0.3,0.7,2.1,1150000 
Tibor Pleiss,UTA,C,26.0,12.0,0.0,6.8,0.9,2.1,0.44,0.0,0.2,0.0,0.9,1.9,0.478,0.44,0.2,0.2,1.0,0.5,0.8,1.3,0.2,0.1,0.2,0.7,1.6,2.0,2900000 
Lou Amundson,NYK,PF,33.0,29.0,0.0,7.0,0.7,1.8,0.358,0.0,0.0,0,0.7,1.8,0.358,0.358,0.5,0.9,0.519,0.8,0.9,1.7,0.4,0.2,0.2,0.5,1.5,1.8,1635476 
Jeff Ayres,LAC,C,28.0,17.0,0.0,6.3,0.7,1.4,0.522,0.0,0.1,0.0,0.7,1.3,0.545,0.522,0.4,0.4,1.0,0.2,1.1,1.3,0.3,0.0,0.2,0.4,1.1,1.8,111444 
Jorge Gutierrez,CHO,PG,27.0,12.0,0.0,5.3,0.5,0.9,0.545,0.0,0.2,0.0,0.5,0.8,0.667,0.545,0.8,0.9,0.909,0.0,0.6,0.6,1.4,0.3,0.0,0.5,0.3,1.8,189455 
Damien Inglis,MIL,SF,20.0,20.0,1.0,7.8,0.7,1.9,0.351,0.2,0.7,0.231,0.5,1.2,0.417,0.392,0.4,0.4,0.875,0.1,1.5,1.6,0.5,0.3,0.2,0.6,0.6,1.8,855000 
Kevon Looney,GSW,PF,19.0,5.0,0.0,4.2,0.8,1.4,0.571,0.2,0.4,0.5,0.6,1.0,0.6,0.643,0.0,0.0,0,0.8,1.2,2.0,0.0,0.0,0.0,0.2,0.4,1.8,1131960 
Elijah Millsap,UTA,SG,28.0,20.0,0.0,8.7,0.6,2.0,0.282,0.1,0.6,0.083,0.5,1.4,0.37,0.295,0.7,0.9,0.722,0.3,1.5,1.8,1.0,0.4,0.2,0.5,1.7,1.8,845059 
Terry Rozier,BOS,PG,21.0,39.0,0.0,8.0,0.7,2.7,0.274,0.2,0.7,0.222,0.6,2.0,0.291,0.302,0.2,0.3,0.8,0.6,1.0,1.6,0.9,0.2,0.0,0.5,0.6,1.8,1824360 
Nazr Mohammed,OKC,C,38.0,5.0,0.0,3.8,0.6,1.0,0.6,0.0,0.0,0,0.6,1.0,0.6,0.6,0.4,0.4,1.0,0.2,0.6,0.8,0.0,0.0,0.0,0.6,0.8,1.6,222888 
Elliot Williams,MEM,PG,26.0,5.0,0.0,9.0,0.4,2.0,0.2,0.2,0.8,0.25,0.2,1.2,0.167,0.25,0.6,0.8,0.75,0.2,0.6,0.8,0.8,0.0,0.0,0.2,0.4,1.6,55722 
Jimmer Fredette,TOT,SG,26.0,6.0,0.0,3.0,0.3,0.8,0.4,0.2,0.3,0.5,0.2,0.5,0.333,0.5,0.7,0.8,0.8,0.0,0.0,0.0,0.2,0.2,0.0,0.3,0.3,1.5,874837 
Russ Smith,MEM,PG,24.0,15.0,0.0,4.4,0.5,1.5,0.318,0.1,0.3,0.2,0.4,1.1,0.353,0.341,0.5,0.9,0.615,0.1,0.5,0.6,0.7,0.3,0.1,0.5,0.3,1.5,845059 
Erick Green,TOT,PG,24.0,9.0,0.0,4.7,0.6,1.4,0.385,0.1,0.6,0.2,0.4,0.9,0.5,0.423,0.2,0.2,1.0,0.3,0.3,0.7,0.3,0.1,0.0,0.0,0.4,1.4,99418 
Mitch McGary,OKC,PF,23.0,20.0,0.0,3.6,0.6,1.2,0.478,0.0,0.2,0.0,0.6,1.0,0.579,0.478,0.2,0.5,0.4,0.2,0.7,0.9,0.2,0.1,0.1,0.4,0.5,1.3,1463040 
Jordan Mickey,BOS,PF,21.0,16.0,0.0,3.6,0.5,1.4,0.364,0.0,0.0,0,0.5,1.4,0.364,0.364,0.3,0.6,0.5,0.4,0.4,0.8,0.1,0.0,0.7,0.1,0.3,1.3,1170960 
Keith Appling,ORL,PG,23.0,5.0,0.0,5.4,0.4,1.6,0.25,0.0,0.6,0.0,0.4,1.0,0.4,0.25,0.4,0.4,1.0,0.0,0.2,0.2,0.2,0.2,0.0,0.6,1.0,1.2,61776 
Luis Montero,POR,SG,22.0,12.0,0.0,3.5,0.4,1.6,0.263,0.1,0.8,0.111,0.3,0.8,0.4,0.289,0.3,0.3,0.75,0.0,0.3,0.3,0.1,0.0,0.0,0.3,0.1,1.2,525093 
Pat Connaughton,POR,SG,23.0,34.0,0.0,4.2,0.4,1.4,0.265,0.1,0.6,0.238,0.2,0.8,0.286,0.316,0.1,0.1,1.0,0.3,0.6,0.9,0.3,0.1,0.0,0.3,0.2,1.1,625093 
Bryce Cotton,TOT,PG,23.0,8.0,0.0,4.9,0.5,1.3,0.4,0.0,0.4,0.0,0.5,0.9,0.571,0.4,0.0,0.0,0,0.0,0.0,0.0,0.4,0.4,0.0,0.6,0.3,1.0,700902 
James Young,BOS,SG,20.0,29.0,0.0,6.9,0.4,1.2,0.306,0.2,0.9,0.231,0.2,0.3,0.5,0.389,0.0,0.1,0.25,0.1,0.8,0.9,0.3,0.2,0.0,0.2,0.6,1.0,1749840 
Joel Anthony,DET,C,33.0,19.0,0.0,5.1,0.3,0.5,0.6,0.0,0.0,0,0.3,0.5,0.6,0.6,0.3,0.4,0.75,0.4,0.7,1.1,0.1,0.1,0.6,0.1,0.8,0.9,2500000 
Aaron Harrison,CHO,SG,21.0,21.0,0.0,4.4,0.2,0.9,0.263,0.1,0.5,0.3,0.1,0.4,0.222,0.342,0.2,0.6,0.417,0.2,0.5,0.7,0.1,0.3,0.0,0.2,0.5,0.9,525093 
Sasha Kaun,CLE,C,30.0,25.0,0.0,3.8,0.4,0.7,0.529,0.0,0.0,0,0.4,0.7,0.529,0.529,0.2,0.4,0.455,0.5,0.6,1.0,0.1,0.2,0.2,0.3,0.4,0.9,1276000 
Bruno Caboclo,TOR,SF,20.0,6.0,1.0,7.2,0.2,2.0,0.083,0.2,1.2,0.143,0.0,0.8,0.0,0.125,0.0,0.0,0,0.2,0.2,0.3,0.2,0.3,0.2,0.7,0.3,0.5,1524000 
Sam Dekker,HOU,SF,21.0,3.0,0.0,2.0,0.0,0.0,0,0.0,0.0,0,0.0,0.0,0,0,0.0,0.0,0,0.0,0.3,0.3,0.0,0.3,0.0,0.0,0.0,0.0,1646400 
